dataset,N,k,z,knee_O,O,D_kO1,rho_O,radius_at_O,radius_at_Oz
adult,500,10,50,150,1,3.8283606347941967,2.2487180839636705,2.843257,
adult,500,10,50,150,5,3.427372626726572,2.013184112320816,2.584441,
adult,500,10,50,150,10,3.024212882577104,1.7763744974805955,2.446529,
adult,500,10,50,150,20,2.4474561265862693,1.4375967617946435,2.266017,
adult,500,10,50,150,30,2.1386062335936873,1.2561832519777973,2.266017,
adult,500,10,50,150,50,1.7024635778470691,1.0,2.084858,
adult,500,10,50,150,75,1.4425345241212706,0.8473218122795295,2.082852,
adult,500,10,50,150,100,1.208661888710873,0.7099487498225034,2.082852,
adult,500,10,50,150,150,0.9288365597485021,0.5455838068049046,1.925523,
adult,500,10,50,150,200,0.7152982711060405,0.4201548158878117,,
adult,500,10,50,150,300,0.481432740883777,0.2827859269051709,,
adult,500,10,50,150,500,,,,
adult,500,10,50,150,750,,,,
adult,500,10,50,150,1000,,,,
adult,500,10,50,150,1500,,,,
adult,500,10,50,150,2000,,,,
adult,500,10,100,150,1,3.8283606347941967,3.1674372051868245,2.476891,
adult,500,10,100,150,5,3.427372626726572,2.835675269269984,2.230916,
adult,500,10,100,150,10,3.024212882577104,2.5021165230936915,2.07548,
adult,500,10,100,150,20,2.4474561265862693,2.0249303377941876,1.951364,
adult,500,10,100,150,30,2.1386062335936873,1.7693999070945046,1.921499,
adult,500,10,100,150,50,1.7024635778470691,1.408552378252674,1.816395,
adult,500,10,100,150,75,1.4425345241212706,1.1934971538316972,1.682707,
adult,500,10,100,150,100,1.208661888710873,1.0,1.682241,
adult,500,10,100,150,150,0.9288365597485021,0.7684833686111959,1.620875,
adult,500,10,100,150,200,0.7152982711060405,0.5918100651530915,1.625851,
adult,500,10,100,150,300,0.481432740883777,0.3983187898786653,1.627514,
adult,500,10,100,150,500,,,,
adult,500,10,100,150,750,,,,
adult,500,10,100,150,1000,,,,
adult,500,10,100,150,1500,,,,
adult,500,10,100,150,2000,,,,
adult,500,20,50,150,1,2.782180308901176,1.7358315899836956,2.253472,
adult,500,20,50,150,5,2.545695324307749,1.5882861180023327,2.050884,
adult,500,20,50,150,10,2.4474561265862693,1.5269936481239341,2.016076,
adult,500,20,50,150,20,2.1386062335936873,1.3342989478184226,1.927378,
adult,500,20,50,150,30,1.9670650576759312,1.2272726019024762,1.870235,
adult,500,20,50,150,50,1.6027939144299757,1.0,1.766259,
adult,500,20,50,150,75,1.330971938500461,0.8304074070394842,1.686704,
adult,500,20,50,150,100,1.1328485775836097,0.7067961560026891,1.693341,
adult,500,20,50,150,150,0.8742933455635552,0.5454808242608611,1.580159,
adult,500,20,50,150,200,0.6858968699814401,0.4279382794046703,,
adult,500,20,50,150,300,0.4637401185877346,0.2893323429872524,,
adult,500,20,50,150,500,,,,
adult,500,20,50,150,750,,,,
adult,500,20,50,150,1000,,,,
adult,500,20,50,150,1500,,,,
adult,500,20,50,150,2000,,,,
adult,500,20,100,150,1,2.782180308901176,2.4559154364969293,2.001647,
adult,500,20,100,150,5,2.545695324307749,2.247162925991196,1.873874,
adult,500,20,100,150,10,2.4474561265862693,2.1604441891137345,1.813714,
adult,500,20,100,150,20,2.1386062335936873,1.8878129662795538,1.689539,
adult,500,20,100,150,30,1.9670650576759312,1.7363883369759119,1.539369,
adult,500,20,100,150,50,1.6027939144299757,1.4148350857700414,1.530715,
adult,500,20,100,150,75,1.330971938500461,1.1748895349627861,1.472332,
adult,500,20,100,150,100,1.1328485775836097,1.0,1.350727,
adult,500,20,100,150,150,0.8742933455635552,0.7717654087790282,1.314688,
adult,500,20,100,150,200,0.6858968699814401,0.6054620922457905,1.315304,
adult,500,20,100,150,300,0.4637401185877346,0.4093575503064163,1.29796,
adult,500,20,100,150,500,,,,
adult,500,20,100,150,750,,,,
adult,500,20,100,150,1000,,,,
adult,500,20,100,150,1500,,,,
adult,500,20,100,150,2000,,,,
adult,500,50,50,100,1,1.9635340967869632,1.546004049723573,1.542174,
adult,500,50,50,100,5,1.8023717517304152,1.4191116068940437,1.515007,
adult,500,50,50,100,10,1.7024635778470691,1.340448118606833,1.496006,
adult,500,50,50,100,20,1.6027939144299757,1.261972423415414,1.448498,
adult,500,50,50,100,30,1.5150066033790917,1.1928523920285923,1.354734,
adult,500,50,50,100,50,1.2700704743548668,1.0,1.300015,
adult,500,50,50,100,75,1.1026493729811087,0.8681796760460873,1.327907,
adult,500,50,50,100,100,0.9811129154905729,0.7724869881641252,1.223234,
adult,500,50,50,100,150,0.7632393105959544,0.6009424878439461,1.226632,
adult,500,50,50,100,200,0.6075786518923613,0.478381841134431,,
adult,500,50,50,100,300,0.4235438787012615,0.3334806117088903,,
adult,500,50,50,100,500,,,,
adult,500,50,50,100,750,,,,
adult,500,50,50,100,1000,,,,
adult,500,50,50,100,1500,,,,
adult,500,50,50,100,2000,,,,
adult,500,50,100,300,1,1.9635340967869632,2.001333450803839,1.423418,
adult,500,50,100,300,5,1.8023717517304152,1.8370686220445884,1.365538,
adult,500,50,100,300,10,1.7024635778470691,1.735237148514969,1.355187,
adult,500,50,100,300,20,1.6027939144299757,1.63364877693874,1.319884,
adult,500,50,100,300,30,1.5150066033790917,1.5441715010158266,1.20404,
adult,500,50,100,300,50,1.2700704743548668,1.2945201865167684,1.121456,
adult,500,50,100,300,75,1.1026493729811087,1.1238761161652486,1.022623,
adult,500,50,100,300,100,0.9811129154905729,1.0000000000000002,1.044671,
adult,500,50,100,300,150,0.7632393105959544,0.777932181449596,1.003377,
adult,500,50,100,300,200,0.6075786518923613,0.6192749502115786,1.030498,
adult,500,50,100,300,300,0.4235438787012615,0.43169738366911875,0.968831,
adult,500,50,100,300,500,,,,
adult,500,50,100,300,750,,,,
adult,500,50,100,300,1000,,,,
adult,500,50,100,300,1500,,,,
adult,500,50,100,300,2000,,,,
adult,1000,10,100,300,1,3.988956726395031,2.741970744538444,2.813718,
adult,1000,10,100,300,5,3.6826138884101396,2.531393604406724,2.655723,
adult,1000,10,100,300,10,3.2291460817552524,2.219684166394991,2.446437,
adult,1000,10,100,300,20,2.7308612276593665,1.877167918139702,2.334526,
adult,1000,10,100,300,30,2.434361095301833,1.6733565598222437,2.230268,
adult,1000,10,100,300,50,1.9844229125860293,1.3640733515853665,2.185072,
adult,1000,10,100,300,75,1.6414525586735629,1.1283188069323171,2.050499,
adult,1000,10,100,300,100,1.454777274462311,1.0,2.04417,
adult,1000,10,100,300,150,1.173912155972224,0.806936000843225,1.987711,
adult,1000,10,100,300,200,1.0132396232794374,0.6964912368829331,2.024059,
adult,1000,10,100,300,300,0.7570571103962368,0.5203938250108057,1.932037,
adult,1000,10,100,300,500,0.5034642218063758,0.34607649613749797,,
adult,1000,10,100,300,750,0.2617538706566233,0.17992710997865163,,
adult,1000,10,100,300,1000,,,,
adult,1000,10,100,300,1500,,,,
adult,1000,10,100,300,2000,,,,
adult,1000,10,200,150,1,3.988956726395031,3.9368345204310398,2.458162,
adult,1000,10,200,150,5,3.6826138884101396,3.634494549760147,2.266832,
adult,1000,10,200,150,10,3.2291460817552524,3.186952037370827,2.095839,
adult,1000,10,200,150,20,2.7308612276593665,2.695178085141103,2.002285,
adult,1000,10,200,150,30,2.434361095301833,2.402552209143592,1.93252,
adult,1000,10,200,150,50,1.9844229125860293,1.9584932004171665,1.854127,
adult,1000,10,200,150,75,1.6414525586735629,1.6200043118732963,1.725085,
adult,1000,10,200,150,100,1.454777274462311,1.435768243797848,1.770316,
adult,1000,10,200,150,150,1.173912155972224,1.158573084787936,1.603135,
adult,1000,10,200,150,200,1.0132396232794374,1.0,1.645054,
adult,1000,10,200,150,300,0.7570571103962368,0.7471649282190093,1.638532,
adult,1000,10,200,150,500,0.5034642218063758,0.49688564307904826,1.611084,
adult,1000,10,200,150,750,0.2617538706566233,0.25833363070567095,,
adult,1000,10,200,150,1000,,,,
adult,1000,10,200,150,1500,,,,
adult,1000,10,200,150,2000,,,,
adult,1000,20,100,150,1,3.1209687317429435,2.219635888577095,2.307477,
adult,1000,20,100,150,5,2.9262496334601886,2.081151483288483,2.143127,
adult,1000,20,100,150,10,2.7308612276593665,1.9421910658654065,2.096634,
adult,1000,20,100,150,20,2.434361095301833,1.7313198937017868,1.981099,
adult,1000,20,100,150,30,2.133421916294167,1.5172916673980574,1.935252,
adult,1000,20,100,150,50,1.8214085474219162,1.2953874668782641,1.79262,
adult,1000,20,100,150,75,1.5447706866887445,1.098642360918928,1.734035,
adult,1000,20,100,150,100,1.4060723868290181,1.0000000000000002,1.715379,
adult,1000,20,100,150,150,1.118719048162337,0.7956340360863485,1.670027,
adult,1000,20,100,150,200,0.9770177979277286,0.69485597404491,1.660592,
adult,1000,20,100,150,300,0.7440744805179423,0.5291864682699468,1.652089,
adult,1000,20,100,150,500,0.49126203437522104,0.3493860195086526,,
adult,1000,20,100,150,750,0.25527750476995054,0.181553600768488,,
adult,1000,20,100,150,1000,,,,
adult,1000,20,100,150,1500,,,,
adult,1000,20,100,150,2000,,,,
adult,1000,20,200,300,1,3.1209687317429435,3.1943826799906527,2.01819,
adult,1000,20,200,300,5,2.9262496334601886,2.9950832417452515,1.927045,
adult,1000,20,200,300,10,2.7308612276593665,2.795098751989544,1.902543,
adult,1000,20,200,300,20,2.434361095301833,2.4916241039468825,1.799639,
adult,1000,20,200,300,30,2.133421916294167,2.1836059904120386,1.731862,
adult,1000,20,200,300,50,1.8214085474219162,1.8642531909706812,1.544617,
adult,1000,20,200,300,75,1.5447706866887445,1.5811080309542258,1.469787,
adult,1000,20,200,300,100,1.4060723868290181,1.4391471576171095,1.426762,
adult,1000,20,200,300,150,1.118719048162337,1.145034461537097,1.389492,
adult,1000,20,200,300,200,0.9770177979277286,1.0,1.384758,
adult,1000,20,200,300,300,0.7440744805179423,0.7615772016601304,1.356941,
adult,1000,20,200,300,500,0.49126203437522104,0.5028178968870334,1.367169,
adult,1000,20,200,300,750,0.25527750476995054,0.2612823485011209,,
adult,1000,20,200,300,1000,,,,
adult,1000,20,200,300,1500,,,,
adult,1000,20,200,300,2000,,,,
adult,1000,50,100,200,1,2.127212327830953,1.7439992958326727,1.757322,
adult,1000,50,100,200,5,2.060203572451214,1.689062033262344,1.737717,
adult,1000,50,100,200,10,1.9844229125860293,1.6269331071962856,1.653708,
adult,1000,50,100,200,20,1.8214085474219162,1.4932854527814998,1.534634,
adult,1000,50,100,200,30,1.7228953029998642,1.4125191716470553,1.457451,
adult,1000,50,100,200,50,1.51824059190242,1.244732596055554,1.382868,
adult,1000,50,100,200,75,1.367116369501291,1.1208330990459756,1.356525,
adult,1000,50,100,200,100,1.2197323318386522,1.0,1.367116,
adult,1000,50,100,200,150,1.0428622119940065,0.8549926773048415,1.323571,
adult,1000,50,100,200,200,0.8914284211356966,0.7308393799744057,1.280257,
adult,1000,50,100,200,300,0.685930453600142,0.5623614588998842,1.280257,
adult,1000,50,100,200,500,0.4712192815849559,0.3863300736438045,,
adult,1000,50,100,200,750,0.2285316216684414,0.1873621086389894,,
adult,1000,50,100,200,1000,,,,
adult,1000,50,100,200,1500,,,,
adult,1000,50,100,200,2000,,,,
adult,1000,50,200,500,1,2.127212327830953,2.3862962829038414,1.646574,
adult,1000,50,200,500,5,2.060203572451214,2.311126192079983,1.619013,
adult,1000,50,200,500,10,1.9844229125860293,2.226115822129428,1.513322,
adult,1000,50,200,500,20,1.8214085474219162,2.0432471124281717,1.423712,
adult,1000,50,200,500,30,1.7228953029998642,1.9327354413996167,1.327603,
adult,1000,50,200,500,50,1.51824059190242,1.703154797295057,1.244815,
adult,1000,50,200,500,75,1.367116369501291,1.533624391019033,1.137832,
adult,1000,50,200,500,100,1.2197323318386522,1.3682897055096024,1.106547,
adult,1000,50,200,500,150,1.0428622119940065,1.169877678642308,1.065878,
adult,1000,50,200,500,200,0.8914284211356966,1.0,1.058891,
adult,1000,50,200,500,300,0.685930453600142,0.7694733949880729,1.051451,
adult,1000,50,200,500,500,0.4712192815849559,0.5286114626955842,1.022886,
adult,1000,50,200,500,750,0.2285316216684414,0.2563656444533009,,
adult,1000,50,200,500,1000,,,,
adult,1000,50,200,500,1500,,,,
adult,1000,50,200,500,2000,,,,
adult,2000,10,200,150,1,4.315904574337533,3.6299161166633374,2.926226,
adult,2000,10,200,150,5,4.039952773021203,3.3978252829186695,2.770803,
adult,2000,10,200,150,10,3.7374680511564624,3.143418785270425,2.677796,
adult,2000,10,200,150,20,2.9995204959929285,2.5227637921855552,2.411509,
adult,2000,10,200,150,30,2.6444740703033487,2.2241499742532764,2.375731,
adult,2000,10,200,150,50,2.1825026694066114,1.8356062971007285,2.211688,
adult,2000,10,200,150,75,1.9343129345108394,1.6268649073940649,2.168605,
adult,2000,10,200,150,100,1.7019093195294392,1.4314005237262923,2.036171,
adult,2000,10,200,150,150,1.3623765444705862,1.1458345499904767,1.973939,
adult,2000,10,200,150,200,1.1889819036106994,1.0,2.008885,
adult,2000,10,200,150,300,0.9704775748616488,0.8162256901593734,1.980765,
adult,2000,10,200,150,500,0.709666061852391,0.5968686821029635,1.974806,
adult,2000,10,200,150,750,0.5444792065345873,0.45793733687713256,,
adult,2000,10,200,150,1000,0.43212249895340393,0.363439088215838,,
adult,2000,10,200,150,1500,0.21066523332833167,0.17718119400184615,,
adult,2000,10,200,150,2000,,,,
adult,2000,10,400,300,1,4.315904574337533,5.09838401306445,2.495091,
adult,2000,10,400,300,5,4.039952773021203,4.772401770414086,2.402106,
adult,2000,10,400,300,10,3.7374680511564624,4.415076152206191,2.348567,
adult,2000,10,400,300,20,2.9995204959929285,3.5433376897534488,2.078845,
adult,2000,10,400,300,30,2.6444740703033487,3.1239208584836615,2.035494,
adult,2000,10,400,300,50,2.1825026694066114,2.5781934068551835,1.864313,
adult,2000,10,400,300,75,1.9343129345108394,2.285006531472626,1.858735,
adult,2000,10,400,300,100,1.7019093195294392,2.0104678212692315,1.77176,
adult,2000,10,400,300,150,1.3623765444705862,1.6093772868388743,1.625418,
adult,2000,10,400,300,200,1.1889819036106994,1.4045459589713456,1.621317,
adult,2000,10,400,300,300,0.9704775748616488,1.1464264947219454,1.618837,
adult,2000,10,400,300,500,0.709666061852391,0.83832949548427,1.589049,
adult,2000,10,400,300,750,0.5444792065345873,0.6431940359728763,1.607515,
adult,2000,10,400,300,1000,0.43212249895340393,0.5104669026857855,1.607873,
adult,2000,10,400,300,1500,0.21066523332833167,0.248859130041011,,
adult,2000,10,400,300,2000,,,,
adult,2000,20,200,200,1,3.556612086771694,3.0538970560092746,2.544437,
adult,2000,20,200,200,5,3.261757577486343,2.8007192295022154,2.437292,
adult,2000,20,200,200,10,2.9995204959929285,2.5755484682241354,2.26818,
adult,2000,20,200,200,20,2.6444740703033487,2.270686648124938,2.095567,
adult,2000,20,200,200,30,2.476026201817612,2.1260483133532184,1.940335,
adult,2000,20,200,200,50,2.0423836514596507,1.7536996636862858,1.882004,
adult,2000,20,200,200,75,1.8100555200830366,1.5542103240762442,1.840786,
adult,2000,20,200,200,100,1.6190649051609802,1.390215583461927,1.78105,
adult,2000,20,200,200,150,1.328314445287093,1.1405617129302756,1.737127,
adult,2000,20,200,200,200,1.1646142687662662,1.0,1.667497,
adult,2000,20,200,200,300,0.9602546194100182,0.8245258925320087,1.666319,
adult,2000,20,200,200,500,0.6975093910750358,0.5989188092414,1.661032,
adult,2000,20,200,200,750,0.5381685493313447,0.46210025393339327,,
adult,2000,20,200,200,1000,0.42858926639945505,0.36800963022158484,,
adult,2000,20,200,200,1500,0.208024115534596,0.17862061380629166,,
adult,2000,20,200,200,2000,,,,
adult,2000,20,400,500,1,3.556612086771694,4.277808746051971,2.264927,
adult,2000,20,400,500,5,3.261757577486343,3.923164728694813,2.162693,
adult,2000,20,400,500,10,2.9995204959929285,3.6077521806342454,2.006504,
adult,2000,20,400,500,20,2.6444740703033487,3.1807107524395852,1.916665,
adult,2000,20,400,500,30,2.476026201817612,2.9781056475021592,1.724408,
adult,2000,20,400,500,50,2.0423836514596507,2.456530662847206,1.608876,
adult,2000,20,400,500,75,1.8100555200830366,2.177091891311425,1.574571,
adult,2000,20,400,500,100,1.6190649051609802,1.9473729050980537,1.483334,
adult,2000,20,400,500,150,1.328314445287093,1.5976651411298695,1.388698,
adult,2000,20,400,500,200,1.1646142687662662,1.4007704475939542,1.369568,
adult,2000,20,400,500,300,0.9602546194100182,1.1549715035348664,1.354469,
adult,2000,20,400,500,500,0.6975093910750358,0.8389477684935139,1.329182,
adult,2000,20,400,500,750,0.5381685493313447,0.6472963795355592,1.324596,
adult,2000,20,400,500,1000,0.42858926639945505,0.515497014444375,1.306476,
adult,2000,20,400,500,1500,0.208024115534596,0.250206477150946,,
adult,2000,20,400,500,2000,,,,
adult,2000,50,200,300,1,2.4053268456796264,2.2072041342412727,1.789616,
adult,2000,50,200,300,5,2.251364253508414,2.0659231808568337,1.760103,
adult,2000,50,200,300,10,2.1825026694066114,2.002733609180575,1.680011,
adult,2000,50,200,300,20,2.0423836514596507,1.8741559581832221,1.628898,
adult,2000,50,200,300,30,1.9665563582831243,1.8045744311287295,1.59463,
adult,2000,50,200,300,50,1.7751118668265482,1.6288988992235098,1.517166,
adult,2000,50,200,300,75,1.577167137639917,1.4472585431959057,1.419173,
adult,2000,50,200,300,100,1.401880393195428,1.286409871960021,1.35863,
adult,2000,50,200,300,150,1.2079110802805484,1.1084174838774388,1.359117,
adult,2000,50,200,300,200,1.089761843213681,1.0,1.354881,
adult,2000,50,200,300,300,0.923169782839366,0.8471298463864002,1.306717,
adult,2000,50,200,300,500,0.6707151497270222,0.6154694751920288,1.281331,
adult,2000,50,200,300,750,0.5236983752618516,0.48056222423559797,,
adult,2000,50,200,300,1000,0.4199478629209987,0.3853574664374215,,
adult,2000,50,200,300,1500,0.19156944808230392,0.17579019606464683,,
adult,2000,50,200,300,2000,,,,
adult,2000,50,400,750,1,2.4053268456796264,3.041906305154133,1.628685,
adult,2000,50,400,750,5,2.251364253508414,2.847196891452331,1.610167,
adult,2000,50,400,750,10,2.1825026694066114,2.7601108111392043,1.549282,
adult,2000,50,400,750,20,2.0423836514596507,2.5829087294635085,1.511847,
adult,2000,50,400,750,30,1.9665563582831243,2.487013437050026,1.486352,
adult,2000,50,400,750,50,1.7751118668265482,2.2449023881109618,1.385568,
adult,2000,50,400,750,75,1.577167137639917,1.9945707872865805,1.302401,
adult,2000,50,400,750,100,1.401880393195428,1.7728936983315555,1.168675,
adult,2000,50,400,750,150,1.2079110802805484,1.5275896237431092,1.092456,
adult,2000,50,400,750,200,1.089761843213681,1.3781717141445051,1.065506,
adult,2000,50,400,750,300,0.923169782839366,1.1674903924973166,1.070164,
adult,2000,50,400,750,500,0.6707151497270222,0.8482226216290172,1.055343,
adult,2000,50,400,750,750,0.5236983752618516,0.6622972643278701,1.026497,
adult,2000,50,400,750,1000,0.4199478629209987,0.5310887600784449,1.010343,
adult,2000,50,400,750,1500,0.19156944808230392,0.24226907584021296,,
adult,2000,50,400,750,2000,,,,
adult,5000,10,500,300,1,5.003324188688917,5.05239060138866,3.10868,
adult,5000,10,500,300,5,4.674590552460515,4.7204331524199326,2.939058,
adult,5000,10,500,300,10,4.000398085426627,4.039629039892169,2.797311,
adult,5000,10,500,300,20,3.377507017400104,3.410629427014632,2.494583,
adult,5000,10,500,300,30,3.0933194899557095,3.1236549399450286,2.443664,
adult,5000,10,500,300,50,2.486172495773562,2.5105537993069516,2.348493,
adult,5000,10,500,300,75,2.1558009794988955,2.1769424079911235,2.304773,
adult,5000,10,500,300,100,1.9857848015483828,2.0052589217394994,2.21214,
adult,5000,10,500,300,150,1.7026660054159826,1.7193636467761868,2.118703,
adult,5000,10,500,300,200,1.4915338976234103,1.5061610165180632,2.032809,
adult,5000,10,500,300,300,1.244380426461587,1.256583769930371,1.982497,
adult,5000,10,500,300,500,0.9902884759768462,1.0,2.024511,
adult,5000,10,500,300,750,0.811586525758348,0.8195455621734646,2.034787,
adult,5000,10,500,300,1000,0.6640354963093413,0.6705475348022398,2.008093,
adult,5000,10,500,300,1500,0.5143233914640958,0.5193672388813309,1.98821,
adult,5000,10,500,300,2000,0.423401433733269,0.42755363109281347,,
adult,5000,10,1000,500,1,5.003324188688917,7.5347239966794115,2.58962,
adult,5000,10,1000,500,5,4.674590552460515,7.039669683987578,2.514231,
adult,5000,10,1000,500,10,4.000398085426627,6.024373859018885,2.397034,
adult,5000,10,1000,500,20,3.377507017400104,5.086335047105209,2.175824,
adult,5000,10,1000,500,30,3.0933194899557095,4.658364661449792,2.092969,
adult,5000,10,1000,500,50,2.486172495773562,3.7440355366415186,1.963452,
adult,5000,10,1000,500,75,2.1558009794988955,3.2465146689908493,1.930439,
adult,5000,10,1000,500,100,1.9857848015483828,2.990479895405025,1.847822,
adult,5000,10,1000,500,150,1.7026660054159826,2.564118958819627,1.790643,
adult,5000,10,1000,500,200,1.4915338976234103,2.246165914191699,1.729111,
adult,5000,10,1000,500,300,1.244380426461587,1.873966728251364,1.679998,
adult,5000,10,1000,500,500,0.9902884759768462,1.4913185838419694,1.609364,
adult,5000,10,1000,500,750,0.811586525758348,1.222203527174502,1.655718,
adult,5000,10,1000,500,1000,0.6640354963093413,1.0,1.651035,
adult,5000,10,1000,500,1500,0.5143233914640958,0.7745420151824202,1.62116,
adult,5000,10,1000,500,2000,0.423401433733269,0.6376186756378264,1.626797,
adult,5000,20,500,750,1,3.9900552017608035,4.075389757052993,2.677006,
adult,5000,20,500,750,5,3.619927557610075,3.697346263041087,2.571489,
adult,5000,20,500,750,10,3.377507017400104,3.4497411206272717,2.38017,
adult,5000,20,500,750,20,3.0933194899557095,3.1594757283294403,2.231912,
adult,5000,20,500,750,30,2.7714690321543896,2.8307419157126428,2.087896,
adult,5000,20,500,750,50,2.3432695827222436,2.393384645712619,2.018898,
adult,5000,20,500,750,75,2.1017490245015082,2.1466987330324785,1.933259,
adult,5000,20,500,750,100,1.9027543822397364,1.943448230025862,1.832342,
adult,5000,20,500,750,150,1.6602129857830694,1.6957196466356803,1.794935,
adult,5000,20,500,750,200,1.4660826576839405,1.4974374899579002,1.728982,
adult,5000,20,500,750,300,1.2278727863453545,1.2541330691935524,1.717444,
adult,5000,20,500,750,500,0.979061007565103,1.0,1.697263,
adult,5000,20,500,750,750,0.8045595453890362,0.8217665080850814,1.683804,
adult,5000,20,500,750,1000,0.6597824768229779,0.6738931197595524,1.698503,
adult,5000,20,500,750,1500,0.512615707655246,0.5235789227579462,1.65811,
adult,5000,20,500,750,2000,0.422369594335709,0.4314027328962168,,
adult,5000,20,1000,500,1,3.9900552017608035,6.047531333317527,2.343395,
adult,5000,20,1000,500,5,3.619927557610075,5.486546982940433,2.273056,
adult,5000,20,1000,500,10,3.377507017400104,5.119122038014208,2.134616,
adult,5000,20,1000,500,20,3.0933194899557095,4.688392915269344,2.003925,
adult,5000,20,1000,500,30,2.7714690321543896,4.200579932798041,1.877221,
adult,5000,20,1000,500,50,2.3432695827222436,3.551578990102448,1.796998,
adult,5000,20,1000,500,75,2.1017490245015082,3.185518103818049,1.715715,
adult,5000,20,1000,500,100,1.9027543822397364,2.8839116664661777,1.568272,
adult,5000,20,1000,500,150,1.6602129857830694,2.516303545643439,1.464263,
adult,5000,20,1000,500,200,1.4660826576839405,2.222069711131925,1.4576,
adult,5000,20,1000,500,300,1.2278727863453545,1.8610266708777679,1.414437,
adult,5000,20,1000,500,500,0.979061007565103,1.4839148385382002,1.372275,
adult,5000,20,1000,500,750,0.8045595453890362,1.219431515161174,1.38429,
adult,5000,20,1000,500,1000,0.6597824768229779,1.0,1.371091,
adult,5000,20,1000,500,1500,0.512615707655246,0.7769465326263625,1.363214,
adult,5000,20,1000,500,2000,0.422369594335709,0.6401649167306278,1.363265,
adult,5000,50,500,1000,1,2.739625673340389,2.8623438772053276,1.996011,
adult,5000,50,500,1000,5,2.61567613432097,2.7328421691628306,1.954324,
adult,5000,50,500,1000,10,2.486172495773562,2.5975375724512606,1.903352,
adult,5000,50,500,1000,20,2.3432695827222436,2.448233497012183,1.854407,
adult,5000,50,500,1000,30,2.1966997799647334,2.295098277997163,1.786257,
adult,5000,50,500,1000,50,2.066683740478005,2.1592583279686743,1.704287,
adult,5000,50,500,1000,75,1.8645446870253215,1.9480647011806393,1.583299,
adult,5000,50,500,1000,100,1.7589854396989235,1.8377770556065218,1.498689,
adult,5000,50,500,1000,150,1.533562161750721,1.602256215773005,1.408046,
adult,5000,50,500,1000,200,1.3812700848342492,1.4431424002796482,1.382649,
adult,5000,50,500,1000,300,1.1800599524119395,1.232919304411064,1.374583,
adult,5000,50,500,1000,500,0.9571266734083833,1.0000000000000002,1.364563,
adult,5000,50,500,1000,750,0.7855408598662006,0.8207282083873437,1.349893,
adult,5000,50,500,1000,1000,0.6494046510724358,0.6784939435026593,1.331082,
adult,5000,50,500,1000,1500,0.506138247410303,0.5288100953324345,1.315463,
adult,5000,50,500,1000,2000,0.4197184254378524,0.43851920241989595,,
adult,5000,50,1000,1000,1,2.739625673340389,4.218672700936363,1.841898,
adult,5000,50,1000,1000,5,2.61567613432097,4.027806283803798,1.808283,
adult,5000,50,1000,1000,10,2.486172495773562,3.828387264655192,1.764136,
adult,5000,50,1000,1000,20,2.3432695827222436,3.608335078679427,1.726164,
adult,5000,50,1000,1000,30,2.1966997799647334,3.3826363521374123,1.647589,
adult,5000,50,1000,1000,50,2.066683740478005,3.1824283011602317,1.562348,
adult,5000,50,1000,1000,75,1.8645446870253215,2.871160044736647,1.440585,
adult,5000,50,1000,1000,100,1.7589854396989235,2.708612321753641,1.360461,
adult,5000,50,1000,1000,150,1.533562161750721,2.3614893413808713,1.235495,
adult,5000,50,1000,1000,200,1.3812700848342492,2.1269790454275324,1.147726,
adult,5000,50,1000,1000,300,1.1800599524119395,1.8171412084332506,1.118444,
adult,5000,50,1000,1000,500,0.9571266734083833,1.4738525075663857,1.085422,
adult,5000,50,1000,1000,750,0.7855408598662006,1.2096323279621535,1.08224,
adult,5000,50,1000,1000,1000,0.6494046510724358,1.0,1.05711,
adult,5000,50,1000,1000,1500,0.506138247410303,0.779388085032128,1.052547,
adult,5000,50,1000,1000,2000,0.4197184254378524,0.646312626102575,1.051858,
diabetes,500,10,50,75,1,3.7421957470793807,2.0398153759562168,2.7414,
diabetes,500,10,50,75,5,3.021753076673109,1.647112766068264,2.562147,
diabetes,500,10,50,75,10,2.8215121016331195,1.537964381700125,2.402866,
diabetes,500,10,50,75,20,2.4115699629718734,1.3145110045361412,2.259223,
diabetes,500,10,50,75,30,2.1177754295659756,1.1543679636273512,2.211573,
diabetes,500,10,50,75,50,1.834575712679452,1.0,2.11263,
diabetes,500,10,50,75,75,1.5494431881260162,0.844578491591938,2.066596,
diabetes,500,10,50,75,100,1.4042213714565785,0.765420234090896,2.057277,
diabetes,500,10,50,75,150,1.1237759385646255,0.6125535898015992,2.050771,
diabetes,500,10,50,75,200,0.9945295689849413,0.5421033114694414,,
diabetes,500,10,50,75,300,0.7406796221153065,0.4037334719936535,,
diabetes,500,10,50,75,500,,,,
diabetes,500,10,50,75,750,,,,
diabetes,500,10,50,75,1000,,,,
diabetes,500,10,50,75,1500,,,,
diabetes,500,10,50,75,2000,,,,
diabetes,500,10,100,200,1,3.7421957470793807,2.6649613965052077,2.375381,
diabetes,500,10,100,200,5,3.021753076673109,2.151906485754941,2.235897,
diabetes,500,10,100,200,10,2.8215121016331195,2.0093071925734947,2.172698,
diabetes,500,10,100,200,20,2.4115699629718734,1.7173716423859773,2.014452,
diabetes,500,10,100,200,30,2.1177754295659756,1.5081492652182313,1.997152,
diabetes,500,10,100,200,50,1.834575712679452,1.3064718640312911,1.892948,
diabetes,500,10,100,200,75,1.5494431881260162,1.1034180362308554,1.831233,
diabetes,500,10,100,200,100,1.4042213714565785,1.0000000000000002,1.793122,
diabetes,500,10,100,200,150,1.1237759385646255,0.8002840302871542,1.750903,
diabetes,500,10,100,200,200,0.9945295689849413,0.7082427238330167,1.734291,
diabetes,500,10,100,200,300,0.7406796221153065,0.5274664217273736,1.709052,
diabetes,500,10,100,200,500,,,,
diabetes,500,10,100,200,750,,,,
diabetes,500,10,100,200,1000,,,,
diabetes,500,10,100,200,1500,,,,
diabetes,500,10,100,200,2000,,,,
diabetes,500,20,50,75,1,2.794182140439731,1.6285360627852945,2.231749,
diabetes,500,20,50,75,5,2.56938312694271,1.4975162215730664,2.060816,
diabetes,500,20,50,75,10,2.4115699629718734,1.4055378122241646,2.018587,
diabetes,500,20,50,75,20,2.1177754295659756,1.2343052408838484,1.978032,
diabetes,500,20,50,75,30,1.9543854629112916,1.1390764978669152,1.899457,
diabetes,500,20,50,75,50,1.7157631349353268,1.0,1.885177,
diabetes,500,20,50,75,75,1.4343597711462674,0.8359893868452498,1.79781,
diabetes,500,20,50,75,100,1.3435781820681938,0.7830790595223028,1.773767,
diabetes,500,20,50,75,150,1.076640641320387,0.6274995769512028,1.785185,
diabetes,500,20,50,75,200,0.9569085811900329,0.5577160166843789,,
diabetes,500,20,50,75,300,0.7266012028465703,0.4234857294995783,,
diabetes,500,20,50,75,500,,,,
diabetes,500,20,50,75,750,,,,
diabetes,500,20,50,75,1000,,,,
diabetes,500,20,50,75,1500,,,,
diabetes,500,20,50,75,2000,,,,
diabetes,500,20,100,300,1,2.794182140439731,2.07965727468021,2.029311,
diabetes,500,20,100,300,5,2.56938312694271,1.912343592084543,1.920112,
diabetes,500,20,100,300,10,2.4115699629718734,1.7948862188724297,1.888073,
diabetes,500,20,100,300,20,2.1177754295659756,1.5762204669817177,1.832686,
diabetes,500,20,100,300,30,1.9543854629112916,1.4546123842997147,1.715763,
diabetes,500,20,100,300,50,1.7157631349353268,1.277010268426823,1.626304,
diabetes,500,20,100,300,75,1.4343597711462674,1.0675670312972274,1.588914,
diabetes,500,20,100,300,100,1.3435781820681938,1.0,1.55165,
diabetes,500,20,100,300,150,1.076640641320387,0.8013234032001733,1.525424,
diabetes,500,20,100,300,200,0.9569085811900329,0.712209080172057,1.529195,
diabetes,500,20,100,300,300,0.7266012028465703,0.5407956251031854,1.465065,
diabetes,500,20,100,300,500,,,,
diabetes,500,20,100,300,750,,,,
diabetes,500,20,100,300,1000,,,,
diabetes,500,20,100,300,1500,,,,
diabetes,500,20,100,300,2000,,,,
diabetes,500,50,50,50,1,1.944460992813426,1.3595441007225195,1.682409,
diabetes,500,50,50,50,5,1.8978761949702643,1.3269725617072863,1.633201,
diabetes,500,50,50,50,10,1.834575712679452,1.2827136140660458,1.580344,
diabetes,500,50,50,50,20,1.7157631349353268,1.1996412666336895,1.523192,
diabetes,500,50,50,50,30,1.5672887020575665,1.0958297013345502,1.482766,
diabetes,500,50,50,50,50,1.430230171849561,1.0,1.449957,
diabetes,500,50,50,50,75,1.3237044704881398,0.9255184910386396,1.478554,
diabetes,500,50,50,50,100,1.1618102075804573,0.8123239394943086,1.470476,
diabetes,500,50,50,50,150,1.0137838053625823,0.7088256319271786,1.451152,
diabetes,500,50,50,50,200,0.9014445585549568,0.6302793608312827,,
diabetes,500,50,50,50,300,0.685307241020926,0.47915870781462594,,
diabetes,500,50,50,50,500,,,,
diabetes,500,50,50,50,750,,,,
diabetes,500,50,50,50,1000,,,,
diabetes,500,50,50,50,1500,,,,
diabetes,500,50,50,50,2000,,,,
diabetes,500,50,100,300,1,1.944460992813426,1.6736477095195161,1.549443,
diabetes,500,50,100,300,5,1.8978761949702643,1.633550972944807,1.521549,
diabetes,500,50,100,300,10,1.834575712679452,1.5790666157943913,1.465581,
diabetes,500,50,100,300,20,1.7157631349353268,1.4768015668484367,1.411938,
diabetes,500,50,100,300,30,1.5672887020575665,1.349005794433106,1.374659,
diabetes,500,50,100,300,50,1.430230171849561,1.2310359837757883,1.324573,
diabetes,500,50,100,300,75,1.3237044704881398,1.1393465661184348,1.273637,
diabetes,500,50,100,300,100,1.1618102075804573,1.0,1.271051,
diabetes,500,50,100,300,150,1.0137838053625823,0.8725898591249691,1.255244,
diabetes,500,50,100,300,200,0.9014445585549568,0.775896573014513,1.221385,
diabetes,500,50,100,300,300,0.685307241020926,0.5898616112593135,1.1861,
diabetes,500,50,100,300,500,,,,
diabetes,500,50,100,300,750,,,,
diabetes,500,50,100,300,1000,,,,
diabetes,500,50,100,300,1500,,,,
diabetes,500,50,100,300,2000,,,,
diabetes,1000,10,100,300,1,3.766400872207143,2.2953645658746713,2.856968,
diabetes,1000,10,100,300,5,3.527972865435144,2.150058950029308,2.645576,
diabetes,1000,10,100,300,10,3.0579187051468066,1.8635929841971708,2.530676,
diabetes,1000,10,100,300,20,2.862899694090599,1.7447421919319228,2.344249,
diabetes,1000,10,100,300,30,2.4803247673680775,1.5115888552621668,2.32039,
diabetes,1000,10,100,300,50,2.029927199874335,1.2371022426952336,2.187492,
diabetes,1000,10,100,300,75,1.7729433422903047,1.0804881007824805,2.169744,
diabetes,1000,10,100,300,100,1.6408726213702436,1.0,2.124385,
diabetes,1000,10,100,300,150,1.4395394380811755,0.8773011502130246,2.090006,
diabetes,1000,10,100,300,200,1.265737758728402,0.7713808751781246,2.070749,
diabetes,1000,10,100,300,300,1.030646186634339,0.6281085888151862,2.015793,
diabetes,1000,10,100,300,500,0.7733672374001925,0.4713146086588834,,
diabetes,1000,10,100,300,750,0.5263737681172257,0.32078892734383413,,
diabetes,1000,10,100,300,1000,,,,
diabetes,1000,10,100,300,1500,,,,
diabetes,1000,10,100,300,2000,,,,
diabetes,1000,10,200,300,1,3.766400872207143,2.975656565694131,2.578487,
diabetes,1000,10,200,300,5,3.527972865435144,2.7872857873651893,2.400506,
diabetes,1000,10,200,300,10,3.0579187051468066,2.4159180557423547,2.312083,
diabetes,1000,10,200,300,20,2.862899694090599,2.261842687672329,2.151364,
diabetes,1000,10,200,300,30,2.4803247673680775,1.9595881929443948,2.099194,
diabetes,1000,10,200,300,50,2.029927199874335,1.6037502127720837,1.888206,
diabetes,1000,10,200,300,75,1.7729433422903047,1.400719327573396,1.883016,
diabetes,1000,10,200,300,100,1.6408726213702436,1.2963764492723306,1.864154,
diabetes,1000,10,200,300,150,1.4395394380811755,1.1373125500556922,1.843025,
diabetes,1000,10,200,300,200,1.265737758728402,1.0,1.817542,
diabetes,1000,10,200,300,300,1.030646186634339,0.8142651821256853,1.7535,
diabetes,1000,10,200,300,500,0.7733672374001925,0.6110011588633812,1.783437,
diabetes,1000,10,200,300,750,0.5263737681172257,0.4158632105958793,,
diabetes,1000,10,200,300,1000,,,,
diabetes,1000,10,200,300,1500,,,,
diabetes,1000,10,200,300,2000,,,,
diabetes,1000,20,100,200,1,3.018369552902494,1.9011803779502099,2.461898,
diabetes,1000,20,100,200,5,2.934685032194065,1.8484700103426248,2.342313,
diabetes,1000,20,100,200,10,2.862899694090599,1.8032545806761038,2.240465,
diabetes,1000,20,100,200,20,2.4803247673680775,1.5622821182149793,2.136343,
diabetes,1000,20,100,200,30,2.1894751251427733,1.3790846591096628,1.913832,
diabetes,1000,20,100,200,50,1.899794621026988,1.1966236050051169,1.895829,
diabetes,1000,20,100,200,75,1.7335695156514472,1.0919234007644556,1.871229,
diabetes,1000,20,100,200,100,1.5876292370305234,1.0,1.83484,
diabetes,1000,20,100,200,150,1.4138014004689663,0.890511063599029,1.843452,
diabetes,1000,20,100,200,200,1.2329370822176222,0.7765900585981197,1.766616,
diabetes,1000,20,100,200,300,1.0137838053625823,0.6385519879054051,1.775431,
diabetes,1000,20,100,200,500,0.7642476412308199,0.48137664853052,,
diabetes,1000,20,100,200,750,0.5156359307806767,0.32478359478004704,,
diabetes,1000,20,100,200,1000,,,,
diabetes,1000,20,100,200,1500,,,,
diabetes,1000,20,100,200,2000,,,,
diabetes,1000,20,200,300,1,3.018369552902494,2.4481132058040656,2.261419,
diabetes,1000,20,200,300,5,2.934685032194065,2.3802390848003325,2.149827,
diabetes,1000,20,200,300,10,2.862899694090599,2.3220160504388794,2.093599,
diabetes,1000,20,200,300,20,2.4803247673680775,2.0117204706884486,1.953202,
diabetes,1000,20,200,300,30,2.1894751251427733,1.7758206454498668,1.770102,
diabetes,1000,20,200,300,50,1.899794621026988,1.5408690746894582,1.719302,
diabetes,1000,20,200,300,75,1.7335695156514472,1.4060486464835356,1.681921,
diabetes,1000,20,200,300,100,1.5876292370305234,1.2876806610236218,1.639934,
diabetes,1000,20,200,300,150,1.4138014004689663,1.1466938750240463,1.62441,
diabetes,1000,20,200,300,200,1.2329370822176222,1.0,1.572128,
diabetes,1000,20,200,300,300,1.0137838053625823,0.8222510458839798,1.523313,
diabetes,1000,20,200,300,500,0.7642476412308199,0.6198594009811157,1.508275,
diabetes,1000,20,200,300,750,0.5156359307806767,0.4182175540159991,,
diabetes,1000,20,200,300,1000,,,,
diabetes,1000,20,200,300,1500,,,,
diabetes,1000,20,200,300,2000,,,,
diabetes,1000,50,100,300,1,2.1694163134430213,1.4665052578071012,1.802677,
diabetes,1000,50,100,300,5,2.135454507221751,1.4435473925603546,1.785476,
diabetes,1000,50,100,300,10,2.029927199874335,1.3722119139303437,1.767916,
diabetes,1000,50,100,300,20,1.899794621026988,1.2842435005331225,1.699518,
diabetes,1000,50,100,300,30,1.8153830595511053,1.2271820697892808,1.652413,
diabetes,1000,50,100,300,50,1.7136561398077785,1.1584156178456493,1.59048,
diabetes,1000,50,100,300,75,1.5595337927642883,1.0542303441919552,1.578232,
diabetes,1000,50,100,300,100,1.4793102867472832,1.0,1.551383,
diabetes,1000,50,100,300,150,1.2971469278444017,0.876859263039789,1.533837,
diabetes,1000,50,100,300,200,1.1567770637387538,0.7819705399887961,1.520018,
diabetes,1000,50,100,300,300,0.9783055528038602,0.6613254579301038,1.486837,
diabetes,1000,50,100,300,500,0.7375441556967581,0.49857299195726873,,
diabetes,1000,50,100,300,750,0.47326269013701766,0.3199211783875516,,
diabetes,1000,50,100,300,1000,,,,
diabetes,1000,50,100,300,1500,,,,
diabetes,1000,50,100,300,2000,,,,
diabetes,1000,50,200,300,1,2.1694163134430213,1.8753970678078398,1.694789,
diabetes,1000,50,200,300,5,2.135454507221751,1.8460380778296808,1.678915,
diabetes,1000,50,200,300,10,2.029927199874335,1.7548128014515798,1.646845,
diabetes,1000,50,200,300,20,1.899794621026988,1.6423169862019646,1.578232,
diabetes,1000,50,200,300,30,1.8153830595511053,1.5693456556648075,1.551327,
diabetes,1000,50,200,300,50,1.7136561398077785,1.481405703419782,1.458033,
diabetes,1000,50,200,300,75,1.5595337927642883,1.3481714339354267,1.396947,
diabetes,1000,50,200,300,100,1.4793102867472832,1.2788205550740157,1.372416,
diabetes,1000,50,200,300,150,1.2971469278444017,1.1213456494823353,1.337131,
diabetes,1000,50,200,300,200,1.1567770637387538,1.0,1.312725,
diabetes,1000,50,200,300,300,0.9783055528038602,0.845716589194753,1.263552,
diabetes,1000,50,200,300,500,0.7375441556967581,0.6375853903197072,1.243211,
diabetes,1000,50,200,300,750,0.47326269013701766,0.4091217789255019,,
diabetes,1000,50,200,300,1000,,,,
diabetes,1000,50,200,300,1500,,,,
diabetes,1000,50,200,300,2000,,,,
diabetes,5000,10,500,500,1,5.139788174276176,3.90249746025987,3.282939,
diabetes,5000,10,500,500,5,4.619820842989082,3.5077008030898984,3.184813,
diabetes,5000,10,500,500,10,4.245981517047665,3.22385505486758,2.867885,
diabetes,5000,10,500,500,20,3.463147035918507,2.6294707201784138,2.729684,
diabetes,5000,10,500,500,30,3.22853489354495,2.4513362798640768,2.664064,
diabetes,5000,10,500,500,50,2.812007329322768,2.135078545811796,2.555762,
diabetes,5000,10,500,500,75,2.4944899668400295,1.8939964897693207,2.488178,
diabetes,5000,10,500,500,100,2.289463697791197,1.7383257758955326,2.396687,
diabetes,5000,10,500,500,150,2.0065778632169464,1.5235384707504185,2.309669,
diabetes,5000,10,500,500,200,1.8255624338201881,1.3860985161187898,2.281433,
diabetes,5000,10,500,500,300,1.5736548527233067,1.1948321327353482,2.24054,
diabetes,5000,10,500,500,500,1.3170509978842915,0.9999999999999998,2.217265,
diabetes,5000,10,500,500,750,1.125003133928058,0.8541834262570401,2.17864,
diabetes,5000,10,500,500,1000,0.9984101219796332,0.7580648916279455,2.198987,
diabetes,5000,10,500,500,1500,0.8109049658393453,0.6156974689226018,2.210483,
diabetes,5000,10,500,500,2000,0.7009617220365907,0.5322206377449425,,
diabetes,5000,10,1000,500,1,5.139788174276176,5.147972823117096,2.837265,
diabetes,5000,10,1000,500,5,4.619820842989082,4.627177490778006,2.78713,
diabetes,5000,10,1000,500,10,4.245981517047665,4.25274285944617,2.588948,
diabetes,5000,10,1000,500,20,3.463147035918507,3.4686617850506454,2.485731,
diabetes,5000,10,1000,500,30,3.22853489354495,3.2336760440123116,2.40835,
diabetes,5000,10,1000,500,50,2.812007329322768,2.8164851972325367,2.316682,
diabetes,5000,10,1000,500,75,2.4944899668400295,2.4984622170035604,2.198203,
diabetes,5000,10,1000,500,100,2.289463697791197,2.2931094621233217,2.137058,
diabetes,5000,10,1000,500,150,2.0065778632169464,2.0097731573857973,2.06624,
diabetes,5000,10,1000,500,200,1.8255624338201881,1.8284694772529841,1.994438,
diabetes,5000,10,1000,500,300,1.5736548527233067,1.5761607560659407,1.959017,
diabetes,5000,10,1000,500,500,1.3170509978842915,1.3191482827446317,1.885223,
diabetes,5000,10,1000,500,750,1.125003133928058,1.1267945998959004,1.866332,
diabetes,5000,10,1000,500,1000,0.9984101219796332,1.0,1.876005,
diabetes,5000,10,1000,500,1500,0.8109049658393453,0.8121962588194666,1.857438,
diabetes,5000,10,1000,500,2000,0.7009617220365907,0.7020779403224938,1.860747,
diabetes,5000,20,500,500,1,4.032084034889315,3.0886764729891634,2.849921,
diabetes,5000,20,500,500,5,3.7336044861123616,2.8600337284435122,2.780799,
diabetes,5000,20,500,500,10,3.463147035918507,2.652856607101266,2.656367,
diabetes,5000,20,500,500,20,3.22853489354495,2.4731378814604987,2.522376,
diabetes,5000,20,500,500,30,2.9665464282029146,2.2724482127694308,2.387737,
diabetes,5000,20,500,500,50,2.72049019184648,2.0839630270217477,2.316284,
diabetes,5000,20,500,500,75,2.410510177601813,1.8465106404122928,2.158815,
diabetes,5000,20,500,500,100,2.204670813883834,1.6888325775471584,2.133458,
diabetes,5000,20,500,500,150,1.9748780425776384,1.5128056097917832,2.057058,
diabetes,5000,20,500,500,200,1.783568842103746,1.366258012703743,1.993296,
diabetes,5000,20,500,500,300,1.5422977306807746,1.1814383514526758,1.961928,
diabetes,5000,20,500,500,500,1.305440718751336,1.0,1.91877,
diabetes,5000,20,500,500,750,1.1193916504856636,0.857481794773776,1.911154,
diabetes,5000,20,500,500,1000,0.9945295689849413,0.761834340464128,1.892738,
diabetes,5000,20,500,500,1500,0.8100961255285243,0.6205537439519946,1.901042,
diabetes,5000,20,500,500,2000,0.6976409283095998,0.5344102710208846,,
diabetes,5000,20,1000,750,1,4.032084034889315,4.054262598752724,2.577191,
diabetes,5000,20,1000,750,5,3.7336044861123616,3.754141256878904,2.526364,
diabetes,5000,20,1000,750,10,3.463147035918507,3.482196149736544,2.450561,
diabetes,5000,20,1000,750,20,3.22853489354495,3.2462935182913957,2.323813,
diabetes,5000,20,1000,750,30,2.9665464282029146,2.982863979831889,2.20884,
diabetes,5000,20,1000,750,50,2.72049019184648,2.735454305921871,2.117775,
diabetes,5000,20,1000,750,75,2.410510177601813,2.4237692400257957,1.982362,
diabetes,5000,20,1000,750,100,2.204670813883834,2.2167976525162683,1.933372,
diabetes,5000,20,1000,750,150,1.9748780425776384,1.9857409011913867,1.820106,
diabetes,5000,20,1000,750,200,1.783568842103746,1.793379400397448,1.744218,
diabetes,5000,20,1000,750,300,1.5422977306807746,1.5507811721022118,1.711752,
diabetes,5000,20,1000,750,500,1.305440718751336,1.312621323148515,1.662739,
diabetes,5000,20,1000,750,750,1.1193916504856636,1.1255488880317173,1.634282,
diabetes,5000,20,1000,750,1000,0.9945295689849413,1.0000000000000002,1.644927,
diabetes,5000,20,1000,750,1500,0.8100961255285243,0.814552076471032,1.635052,
diabetes,5000,20,1000,750,2000,0.6976409283095998,0.70147831705159,1.622992,
diabetes,5000,50,500,750,1,2.9534028749598353,2.318595664154414,2.334235,
diabetes,5000,50,500,750,5,2.86845086174013,2.251903317105393,2.302783,
diabetes,5000,50,500,750,10,2.812007329322768,2.2075918109976342,2.260478,
diabetes,5000,50,500,750,20,2.72049019184648,2.135745453716889,2.207048,
diabetes,5000,50,500,750,30,2.563819333812211,2.0127495782752263,2.064256,
diabetes,5000,50,500,750,50,2.3587582015002346,1.851764479934517,2.002236,
diabetes,5000,50,500,750,75,2.1720567706077563,1.7051928314036295,1.909752,
diabetes,5000,50,500,750,100,2.041389203172338,1.6026110746544815,1.836089,
diabetes,5000,50,500,750,150,1.8543419269610626,1.4557679171251334,1.717784,
diabetes,5000,50,500,750,200,1.699639696727789,1.334317530760637,1.688298,
diabetes,5000,50,500,750,300,1.4959812491195221,1.1744336227450847,1.66309,
diabetes,5000,50,500,750,500,1.2737895272640969,1.0,1.64068,
diabetes,5000,50,500,750,750,1.097161057757633,0.8613362209957601,1.598491,
diabetes,5000,50,500,750,1000,0.9820067639115792,0.7709333001196658,1.587629,
diabetes,5000,50,500,750,1500,0.8028452145878464,0.630280903872898,1.594094,
diabetes,5000,50,500,750,2000,0.6943279215138989,0.5450884205377383,,
diabetes,5000,50,1000,750,1,2.9534028749598353,3.0075178537423626,2.173844,
diabetes,5000,50,1000,750,5,2.86845086174013,2.9210092711728084,2.146088,
diabetes,5000,50,1000,750,10,2.812007329322768,2.8635315281555065,2.114204,
diabetes,5000,50,1000,750,20,2.72049019184648,2.7703375290513126,2.060768,
diabetes,5000,50,1000,750,30,2.563819333812211,2.610796002666902,1.928235,
diabetes,5000,50,1000,750,50,2.3587582015002346,2.4019775506481333,1.884019,
diabetes,5000,50,1000,750,75,2.1720567706077563,2.211855203477326,1.792904,
diabetes,5000,50,1000,750,100,2.041389203172338,2.078793424029966,1.696035,
diabetes,5000,50,1000,750,150,1.8543419269610626,1.8883188946425926,1.538071,
diabetes,5000,50,1000,750,200,1.699639696727789,1.7307820670783345,1.490179,
diabetes,5000,50,1000,750,300,1.4959812491195221,1.5233920010496198,1.434998,
diabetes,5000,50,1000,750,500,1.2737895272640969,1.297129076983415,1.405687,
diabetes,5000,50,1000,750,750,1.097161057757633,1.117264257312613,1.383088,
diabetes,5000,50,1000,750,1000,0.9820067639115792,1.0,1.366184,
diabetes,5000,50,1000,750,1500,0.8028452145878464,0.8175556870809246,1.372709,
diabetes,5000,50,1000,750,2000,0.6943279215138989,0.707050039806464,1.361977,
covertype,500,10,50,100,1,4.449737420118208,1.6547096485147308,3.648373,
covertype,500,10,50,100,5,4.143344087216915,1.5407721379775616,3.644206,
covertype,500,10,50,100,10,3.868766853490654,1.4386659786668714,3.510954,
covertype,500,10,50,100,20,3.348310413474959,1.2451255038892113,3.436876,
covertype,500,10,50,100,30,3.087937321843035,1.1483013935520423,3.39488,
covertype,500,10,50,100,50,2.6891348727629025,1.0,3.311117,
covertype,500,10,50,100,75,2.314244735269888,0.8605908014171708,3.246241,
covertype,500,10,50,100,100,2.1087521666033164,0.7841749359476037,3.178385,
covertype,500,10,50,100,150,1.7250906717779708,0.6415039607163913,3.202308,
covertype,500,10,50,100,200,1.5250772561998718,0.567125610413493,,
covertype,500,10,50,100,300,1.2121746246342102,0.45076750776311325,,
covertype,500,10,50,100,500,,,,
covertype,500,10,50,100,750,,,,
covertype,500,10,50,100,1000,,,,
covertype,500,10,50,100,1500,,,,
covertype,500,10,50,100,2000,,,,
covertype,500,10,100,200,1,4.449737420118208,2.110128203109636,3.370703,
covertype,500,10,100,200,5,4.143344087216915,1.9648321660723311,3.343598,
covertype,500,10,100,200,10,3.868766853490654,1.8346237717077443,3.240418,
covertype,500,10,100,200,20,3.348310413474959,1.5878159920842037,3.138282,
covertype,500,10,100,200,30,3.087937321843035,1.464343402106349,3.085269,
covertype,500,10,100,200,50,2.6891348727629025,1.275225659682162,2.999077,
covertype,500,10,100,200,75,2.314244735269888,1.097447472453612,2.939737,
covertype,500,10,100,200,100,2.1087521666033164,1.0,2.810582,
covertype,500,10,100,200,150,1.7250906717779708,0.8180623114932798,2.801125,
covertype,500,10,100,200,200,1.5250772561998718,0.7232131306621953,2.646163,
covertype,500,10,100,200,300,1.2121746246342102,0.5748302924505001,2.641166,
covertype,500,10,100,200,500,,,,
covertype,500,10,100,200,750,,,,
covertype,500,10,100,200,1000,,,,
covertype,500,10,100,200,1500,,,,
covertype,500,10,100,200,2000,,,,
covertype,500,20,50,100,1,3.8441672946155507,1.492007666415094,3.235766,
covertype,500,20,50,100,5,3.524939462507003,1.368108174968363,3.126497,
covertype,500,20,50,100,10,3.348310413474959,1.2995544739791938,3.068216,
covertype,500,20,50,100,20,3.087937321843035,1.1984978291793786,2.971624,
covertype,500,20,50,100,30,2.8666410376207443,1.1126077709940072,2.953348,
covertype,500,20,50,100,50,2.576506395474551,1.0,2.874539,
covertype,500,20,50,100,75,2.2199495899351964,0.8616122955620754,2.790576,
covertype,500,20,50,100,100,2.002895803408543,0.7773688460181919,2.767547,
covertype,500,20,50,100,150,1.6846841311057312,0.6538637490148513,2.724677,
covertype,500,20,50,100,200,1.489502126132056,0.5781092291283498,,
covertype,500,20,50,100,300,1.1731446539522479,0.4553237888377814,,
covertype,500,20,50,100,500,,,,
covertype,500,20,50,100,750,,,,
covertype,500,20,50,100,1000,,,,
covertype,500,20,50,100,1500,,,,
covertype,500,20,50,100,2000,,,,
covertype,500,20,100,300,1,3.8441672946155507,1.9193046827865525,3.023201,
covertype,500,20,100,300,5,3.524939462507003,1.7599215378594508,2.942647,
covertype,500,20,100,300,10,3.348310413474959,1.671734699217393,2.82208,
covertype,500,20,100,300,20,3.087937321843035,1.541736378191996,2.654724,
covertype,500,20,100,300,30,2.8666410376207443,1.431248212084859,2.633949,
covertype,500,20,100,300,50,2.576506395474551,1.286390630550942,2.59793,
covertype,500,20,100,300,75,2.2199495899351964,1.1083699841785428,2.510357,
covertype,500,20,100,300,100,2.002895803408543,1.0,2.477862,
covertype,500,20,100,300,150,1.6846841311057312,0.8411242003896175,2.372008,
covertype,500,20,100,300,200,1.489502126132056,0.743674295785737,2.349357,
covertype,500,20,100,300,300,1.1731446539522479,0.5857242558278777,2.270966,
covertype,500,20,100,300,500,,,,
covertype,500,20,100,300,750,,,,
covertype,500,20,100,300,1000,,,,
covertype,500,20,100,300,1500,,,,
covertype,500,20,100,300,2000,,,,
covertype,500,50,50,75,1,2.824641372134907,1.3064978665104636,2.560567,
covertype,500,50,50,75,5,2.7784608293920137,1.2851377104343373,2.501467,
covertype,500,50,50,75,10,2.6891348727629025,1.2438212541538243,2.43501,
covertype,500,50,50,75,20,2.576506395474551,1.1917265469328733,2.322242,
covertype,500,50,50,75,30,2.361443063153891,1.0922520481120888,2.277884,
covertype,500,50,50,75,50,2.1619946304843696,1.0,2.277884,
covertype,500,50,50,75,75,1.95615967708378,0.9047939571642346,2.262163,
covertype,500,50,50,75,100,1.7974070219323013,0.8313651646441015,2.232308,
covertype,500,50,50,75,150,1.5741120900358572,0.7280832560084554,2.222973,
covertype,500,50,50,75,200,1.407846643585172,0.6511795282626398,,
covertype,500,50,50,75,300,1.0956523910904652,0.5067784978008928,,
covertype,500,50,50,75,500,,,,
covertype,500,50,50,75,750,,,,
covertype,500,50,50,75,1000,,,,
covertype,500,50,50,75,1500,,,,
covertype,500,50,50,75,2000,,,,
covertype,500,50,100,200,1,2.824641372134907,1.5715090336624356,2.37659,
covertype,500,50,100,200,5,2.7784608293920137,1.5458161648912616,2.30459,
covertype,500,50,100,200,10,2.6891348727629025,1.4961190425705302,2.22378,
covertype,500,50,100,200,20,2.576506395474551,1.433457399484664,2.133313,
covertype,500,50,100,200,30,2.361443063153891,1.313805406532363,2.108752,
covertype,500,50,100,200,50,2.1619946304843696,1.2028408724920405,2.01153,
covertype,500,50,100,200,75,1.95615967708378,1.0883231528609538,2.03032,
covertype,500,50,100,200,100,1.7974070219323013,1.0,1.973601,
covertype,500,50,100,200,150,1.5741120900358572,0.8757682989040563,1.956262,
covertype,500,50,100,200,200,1.407846643585172,0.7832653519243891,1.894063,
covertype,500,50,100,200,300,1.0956523910904652,0.6095738904550316,1.894484,
covertype,500,50,100,200,500,,,,
covertype,500,50,100,200,750,,,,
covertype,500,50,100,200,1000,,,,
covertype,500,50,100,200,1500,,,,
covertype,500,50,100,200,2000,,,,
covertype,1000,10,100,150,1,5.060583752891833,2.0663339415699826,4.060079,
covertype,1000,10,100,150,5,4.806682006598503,1.9626609619675817,3.897521,
covertype,1000,10,100,150,10,4.1943853313521045,1.7126484210924124,3.720506,
covertype,1000,10,100,150,20,3.882509597345281,1.585303544256397,3.662362,
covertype,1000,10,100,150,30,3.5274918519309533,1.4403429521527538,3.719239,
covertype,1000,10,100,150,50,3.0772262077047503,1.2564908060726088,3.576849,
covertype,1000,10,100,150,75,2.735444738280424,1.1169348407222526,3.404158,
covertype,1000,10,100,150,100,2.4490638473696293,1.0,3.418412,
covertype,1000,10,100,150,150,2.1147352319353163,0.8634871786648631,3.338596,
covertype,1000,10,100,150,200,1.8826728532679722,0.7687316340445846,3.291899,
covertype,1000,10,100,150,300,1.606673306597858,0.6560356963839367,3.353792,
covertype,1000,10,100,150,500,1.2166871614898311,0.49679683230659377,,
covertype,1000,10,100,150,750,0.8482847609149851,0.34637102737279357,,
covertype,1000,10,100,150,1000,,,,
covertype,1000,10,100,150,1500,,,,
covertype,1000,10,100,150,2000,,,,
covertype,1000,10,200,500,1,5.060583752891833,2.687978287947157,3.790568,
covertype,1000,10,200,500,5,4.806682006598503,2.5531159055355754,3.605639,
covertype,1000,10,200,500,10,4.1943853313521045,2.2278885702693523,3.430215,
covertype,1000,10,200,500,20,3.882509597345281,2.0622327403329592,3.295433,
covertype,1000,10,200,500,30,3.5274918519309533,1.873661611366988,3.228622,
covertype,1000,10,200,500,50,3.0772262077047503,1.6344986344086572,3.249483,
covertype,1000,10,200,500,75,2.735444738280424,1.4529580821926644,3.025566,
covertype,1000,10,200,500,100,2.4490638473696293,1.3008440861716932,3.01211,
covertype,1000,10,200,500,150,2.1147352319353163,1.1232621898512676,2.974157,
covertype,1000,10,200,500,200,1.8826728532679722,1.0000000000000002,2.896623,
covertype,1000,10,200,500,300,1.606673306597858,0.8534001559585725,2.894109,
covertype,1000,10,200,500,500,1.2166871614898311,0.6462552213348629,2.803659,
covertype,1000,10,200,500,750,0.8482847609149851,0.45057470257911225,,
covertype,1000,10,200,500,1000,,,,
covertype,1000,10,200,500,1500,,,,
covertype,1000,10,200,500,2000,,,,
covertype,1000,20,100,200,1,4.185419433113391,1.7661289999499377,3.533851,
covertype,1000,20,100,200,5,4.12142963795833,1.7391271104785777,3.459181,
covertype,1000,20,100,200,10,3.882509597345281,1.6383095892864334,3.291424,
covertype,1000,20,100,200,20,3.5274918519309533,1.48850210984663,3.150294,
covertype,1000,20,100,200,30,3.282190583680429,1.384991890499394,3.046764,
covertype,1000,20,100,200,50,2.9910913985696492,1.2621562414319583,3.105457,
covertype,1000,20,100,200,75,2.621155534293015,1.1060537364233982,2.999077,
covertype,1000,20,100,200,100,2.369826571689854,1.0,2.927298,
covertype,1000,20,100,200,150,2.0719767187075036,0.8743157594144274,2.873889,
covertype,1000,20,100,200,200,1.8685715851750666,0.7884845277275472,2.769053,
covertype,1000,20,100,200,300,1.575136806729416,0.6646633241209006,2.77536,
covertype,1000,20,100,200,500,1.2014768219703336,0.5069893452640274,,
covertype,1000,20,100,200,750,0.8270212192559983,0.34897963806114035,,
covertype,1000,20,100,200,1000,,,,
covertype,1000,20,100,200,1500,,,,
covertype,1000,20,100,200,2000,,,,
covertype,1000,20,200,300,1,4.185419433113391,2.2399031786204002,3.316477,
covertype,1000,20,200,300,5,4.12142963795833,2.205657878272934,3.231256,
covertype,1000,20,200,300,10,3.882509597345281,2.077795481933077,3.088128,
covertype,1000,20,200,300,20,3.5274918519309533,1.8878012915948643,2.837917,
covertype,1000,20,200,300,30,3.282190583680429,1.7565238654600008,2.769609,
covertype,1000,20,200,300,50,2.9910913985696492,1.6007368528454926,2.718196,
covertype,1000,20,200,300,75,2.621155534293015,1.4027589604213313,2.699437,
covertype,1000,20,200,300,100,2.369826571689854,1.2682557042457783,2.622649,
covertype,1000,20,200,300,150,2.0719767187075036,1.108855949189327,2.60059,
covertype,1000,20,200,300,200,1.8685715851750666,1.0000000000000002,2.494323,
covertype,1000,20,200,300,300,1.575136806729416,0.8429630522192927,2.447631,
covertype,1000,20,200,300,500,1.2014768219703336,0.642992129122935,2.438329,
covertype,1000,20,200,300,750,0.8270212192559983,0.4425954166366683,,
covertype,1000,20,200,300,1000,,,,
covertype,1000,20,200,300,1500,,,,
covertype,1000,20,200,300,2000,,,,
covertype,1000,50,100,300,1,3.2671773374209625,1.5060519461447135,2.769609,
covertype,1000,50,100,300,5,3.1502939865524984,1.452172900146457,2.735445,
covertype,1000,50,100,300,10,3.0772262077047503,1.4184912663784568,2.685236,
covertype,1000,50,100,300,20,2.9910913985696492,1.3787861988135834,2.640386,
covertype,1000,50,100,300,30,2.811794490157861,1.2961367341645478,2.523771,
covertype,1000,50,100,300,50,2.5123496468888242,1.1581033670121161,2.465553,
covertype,1000,50,100,300,75,2.35041797301737,1.0834586546534395,2.442979,
covertype,1000,50,100,300,100,2.1693656356173427,1.0,2.406001,
covertype,1000,50,100,300,150,1.9172321088738573,0.8837754583165345,2.404335,
covertype,1000,50,100,300,200,1.7473973979640136,0.8054877284283853,2.322313,
covertype,1000,50,100,300,300,1.5143545459976144,0.6980633052973895,2.257596,
covertype,1000,50,100,300,500,1.1577020059298457,0.5336592351802397,,
covertype,1000,50,100,300,750,0.7719790970708456,0.3558547643588727,,
covertype,1000,50,100,300,1000,,,,
covertype,1000,50,100,300,1500,,,,
covertype,1000,50,100,300,2000,,,,
covertype,1000,50,200,300,1,3.2671773374209625,1.8697391567755142,2.637561,
covertype,1000,50,200,300,5,3.1502939865524984,1.8028491917311282,2.589848,
covertype,1000,50,200,300,10,3.0772262077047503,1.7610339876265075,2.508887,
covertype,1000,50,200,300,20,2.9910913985696492,1.7117407877880155,2.465633,
covertype,1000,50,200,300,30,2.811794490157861,1.6091328128530082,2.335998,
covertype,1000,50,200,300,50,2.5123496468888242,1.4377666178375323,2.226876,
covertype,1000,50,200,300,75,2.35041797301737,1.345096413532473,2.141673,
covertype,1000,50,200,300,100,2.1693656356173427,1.2414838422816623,2.092575,
covertype,1000,50,200,300,150,1.9172321088738573,1.0971929517050485,2.119595,
covertype,1000,50,200,300,200,1.7473973979640136,1.0,2.069433,
covertype,1000,50,200,300,300,1.5143545459976144,0.8666343144164402,1.971259,
covertype,1000,50,200,300,500,1.1577020059298457,0.6625293177606573,1.981134,
covertype,1000,50,200,300,750,0.7719790970708456,0.44178794015048883,,
covertype,1000,50,200,300,1000,,,,
covertype,1000,50,200,300,1500,,,,
covertype,1000,50,200,300,2000,,,,
covertype,5000,10,500,500,1,5.2241202626588095,3.3257796537851116,3.767941,
covertype,5000,10,500,500,5,4.670359917375248,2.973244720280391,3.670267,
covertype,5000,10,500,500,10,4.410100560637817,2.807558398024092,3.447191,
covertype,5000,10,500,500,20,3.976454784186823,2.531490806207867,3.283294,
covertype,5000,10,500,500,30,3.726833118708382,2.3725766513929027,3.267886,
covertype,5000,10,500,500,50,3.2220399236923214,2.0512151870802198,3.189629,
covertype,5000,10,500,500,75,2.9664778145173867,1.88851922675793,3.132202,
covertype,5000,10,500,500,100,2.6961039425277114,1.7163938013909585,3.045431,
covertype,5000,10,500,500,150,2.341319847772499,1.4905311365787728,2.988709,
covertype,5000,10,500,500,200,2.1617752482399384,1.3762294463323697,2.962714,
covertype,5000,10,500,500,300,1.8741546373042943,1.1931244013171602,2.857318,
covertype,5000,10,500,500,500,1.5707956649242147,1.0,2.79329,
covertype,5000,10,500,500,750,1.3365870926188943,0.8508981291868919,2.753538,
covertype,5000,10,500,500,1000,1.177102554720513,0.7493670761927548,2.791933,
covertype,5000,10,500,500,1500,0.9653067256001975,0.6145336068563507,2.772763,
covertype,5000,10,500,500,2000,0.8274383270760431,0.5267638213885472,,
covertype,5000,10,1000,1000,1,5.2241202626588095,4.4381181925981,3.442458,
covertype,5000,10,1000,1000,5,4.670359917375248,3.9676746079989282,3.353508,
covertype,5000,10,1000,1000,10,4.410100560637817,3.7465729242979475,3.173257,
covertype,5000,10,1000,1000,20,3.976454784186823,3.3781719088452564,3.011785,
covertype,5000,10,1000,1000,30,3.726833118708382,3.1661074081971283,2.98188,
covertype,5000,10,1000,1000,50,3.2220399236923214,2.7372635551346254,2.858922,
covertype,5000,10,1000,1000,75,2.9664778145173867,2.5201523882698025,2.805224,
covertype,5000,10,1000,1000,100,2.6961039425277114,2.2904579823699938,2.70779,
covertype,5000,10,1000,1000,150,2.341319847772499,1.9890534077792512,2.636569,
covertype,5000,10,1000,1000,200,2.1617752482399384,1.8365224334707375,2.599785,
covertype,5000,10,1000,1000,300,1.8741546373042943,1.592176170027332,2.494466,
covertype,5000,10,1000,1000,500,1.5707956649242147,1.3344594815675843,2.506851,
covertype,5000,10,1000,1000,750,1.3365870926188943,1.1354890763415673,2.499133,
covertype,5000,10,1000,1000,1000,1.177102554720513,1.0,2.454522,
covertype,5000,10,1000,1000,1500,0.9653067256001975,0.8200701984113835,2.424007,
covertype,5000,10,1000,1000,2000,0.8274383270760431,0.7029449759987202,2.424098,
covertype,5000,20,500,500,1,4.351683464848381,2.791278712144801,3.37006,
covertype,5000,20,500,500,5,4.211194760828002,2.701165740464643,3.231923,
covertype,5000,20,500,500,10,3.976454784186823,2.5505976430879373,3.134603,
covertype,5000,20,500,500,20,3.726833118708382,2.390484057950517,3.046897,
covertype,5000,20,500,500,30,3.4764207609490283,2.229863302990339,2.930918,
covertype,5000,20,500,500,50,3.087012108383357,1.9800868449801008,2.803788,
covertype,5000,20,500,500,75,2.7865452231523515,1.7873598630604768,2.774945,
covertype,5000,20,500,500,100,2.621841747663766,1.6817149307805574,2.69704,
covertype,5000,20,500,500,150,2.3060182525572457,1.4791378348573565,2.675014,
covertype,5000,20,500,500,200,2.134030306470825,1.3688204607803198,2.582202,
covertype,5000,20,500,500,300,1.8519765421211054,1.1879041155384886,2.50937,
covertype,5000,20,500,500,500,1.5590286437231395,1.0,2.431573,
covertype,5000,20,500,500,750,1.3324838243894352,0.8546884816736341,2.413463,
covertype,5000,20,500,500,1000,1.1706706815959214,0.7508974811394262,2.416904,
covertype,5000,20,500,500,1500,0.9623548626636207,0.6172785000058798,2.436108,
covertype,5000,20,500,500,2000,0.8251269735411452,0.5292570966307887,,
covertype,5000,20,1000,500,1,4.351683464848381,3.717256725790665,3.139314,
covertype,5000,20,1000,500,5,4.211194760828002,3.5972497022707315,3.017959,
covertype,5000,20,1000,500,10,3.976454784186823,3.3967321866862723,2.929666,
covertype,5000,20,1000,500,20,3.726833118708382,3.183502565920385,2.846468,
covertype,5000,20,1000,500,30,3.4764207609490283,2.9695975269576103,2.715286,
covertype,5000,20,1000,500,50,3.087012108383357,2.6369602971306807,2.570801,
covertype,5000,20,1000,500,75,2.7865452231523515,2.380298120521463,2.519145,
covertype,5000,20,1000,500,100,2.621841747663766,2.2396065681678556,2.419303,
covertype,5000,20,1000,500,150,2.3060182525572457,1.9698266035103547,2.334378,
covertype,5000,20,1000,500,200,2.134030306470825,1.822912574834111,2.277479,
covertype,5000,20,1000,500,300,1.8519765421211054,1.5819790921870454,2.190036,
covertype,5000,20,1000,500,500,1.5590286437231395,1.331739718293609,2.127272,
covertype,5000,20,1000,500,750,1.3324838243894352,1.138222597812838,2.142568,
covertype,5000,20,1000,500,1000,1.1706706815959214,1.0,2.111911,
covertype,5000,20,1000,500,1500,0.9623548626636207,0.8220542957065318,2.099969,
covertype,5000,20,1000,500,2000,0.8251269735411452,0.70483269677198,2.087871,
covertype,5000,50,500,750,1,3.4523352240474017,2.266126380837404,2.777316,
covertype,5000,50,500,750,5,3.2887208870768743,2.1587292883680775,2.698288,
covertype,5000,50,500,750,10,3.2220399236923214,2.1149596424852435,2.612902,
covertype,5000,50,500,750,20,3.087012108383357,2.026326854948536,2.540109,
covertype,5000,50,500,750,30,3.0098193719110267,1.9756572399845822,2.511153,
covertype,5000,50,500,750,50,2.7648073861518863,1.8148304116155758,2.42883,
covertype,5000,50,500,750,75,2.5778418077910517,1.6921054727160176,2.304944,
covertype,5000,50,500,750,100,2.41289542985382,1.5838340233319916,2.239849,
covertype,5000,50,500,750,150,2.1873963629663327,1.4358155514383895,2.202347,
covertype,5000,50,500,750,200,2.023676577297398,1.3283492420298673,2.152015,
covertype,5000,50,500,750,300,1.8074472697410993,1.1864154765164852,2.124258,
covertype,5000,50,500,750,500,1.5234522016250729,1.0,2.05264,
covertype,5000,50,500,750,750,1.3077392832861727,0.8584051943941541,2.020459,
covertype,5000,50,500,750,1000,1.1520793834573655,0.7562294256612958,2.028553,
covertype,5000,50,500,750,1500,0.9546002471201147,0.6266033460727147,2.010065,
covertype,5000,50,500,750,2000,0.8182009912112976,0.5370703395475875,,
covertype,5000,50,1000,1000,1,3.4523352240474017,2.9966122765664096,2.610108,
covertype,5000,50,1000,1000,5,3.2887208870768743,2.854595728644578,2.542767,
covertype,5000,50,1000,1000,10,3.2220399236923214,2.796716936313059,2.450885,
covertype,5000,50,1000,1000,20,3.087012108383357,2.679513367489747,2.379808,
covertype,5000,50,1000,1000,30,3.0098193719110267,2.612510400870662,2.358139,
covertype,5000,50,1000,1000,50,2.7648073861518863,2.3998410403411254,2.279343,
covertype,5000,50,1000,1000,75,2.5778418077910517,2.2375557143076406,2.13178,
covertype,5000,50,1000,1000,100,2.41289542985382,2.0943829604977156,2.038177,
covertype,5000,50,1000,1000,150,2.1873963629663327,1.8986507304748421,1.932678,
covertype,5000,50,1000,1000,200,2.023676577297398,1.756542653531728,1.892256,
covertype,5000,50,1000,1000,300,1.8074472697410993,1.568856535143428,1.869504,
covertype,5000,50,1000,1000,500,1.5234522016250729,1.3223500250939528,1.805251,
covertype,5000,50,1000,1000,750,1.3077392832861727,1.135112130347889,1.762352,
covertype,5000,50,1000,1000,1000,1.1520793834573655,1.0,1.749598,
covertype,5000,50,1000,1000,1500,0.9546002471201147,0.8285889504032091,1.743733,
covertype,5000,50,1000,1000,2000,0.8182009912112976,0.7101949769779701,1.725413,
