exp,dataset,N,k,z,outlier_pct,O,pool,radius,time_s,vs_ref_pct,op,start,r_single,r_multi3,gain_pct,alpha
O_ablation,adult,500,10,50,0.1,1.0,11.0,2.843257,0.0019,36.377,,,,,,
O_ablation,adult,500,10,50,0.1,5.0,15.0,2.584441,0.0029,23.962,,,,,,
O_ablation,adult,500,10,50,0.1,10.0,20.0,2.446529,0.0042,17.347,,,,,,
O_ablation,adult,500,10,50,0.1,20.0,30.0,2.266017,0.0072,8.689,,,,,,
O_ablation,adult,500,10,50,0.1,30.0,40.0,2.266017,0.0101,8.689,,,,,,
O_ablation,adult,500,10,50,0.1,50.0,60.0,2.084858,0.0185,0.0,,,,,,
O_ablation,adult,500,10,50,0.1,75.0,85.0,2.082852,0.023,-0.096,,,,,,
O_ablation,adult,500,10,50,0.1,100.0,110.0,2.082852,0.0299,-0.096,,,,,,
O_ablation,adult,500,10,50,0.1,150.0,160.0,1.925523,0.0455,-7.642,,,,,,
O_ablation,adult,500,10,100,0.2,1.0,11.0,2.476891,0.0018,47.238,,,,,,
O_ablation,adult,500,10,100,0.2,5.0,15.0,2.230916,0.0028,32.616,,,,,,
O_ablation,adult,500,10,100,0.2,10.0,20.0,2.07548,0.0043,23.376,,,,,,
O_ablation,adult,500,10,100,0.2,20.0,30.0,1.951364,0.0072,15.998,,,,,,
O_ablation,adult,500,10,100,0.2,30.0,40.0,1.921499,0.0111,14.223,,,,,,
O_ablation,adult,500,10,100,0.2,50.0,60.0,1.816395,0.0175,7.975,,,,,,
O_ablation,adult,500,10,100,0.2,75.0,85.0,1.682707,0.0225,0.028,,,,,,
O_ablation,adult,500,10,100,0.2,100.0,110.0,1.682241,0.0302,0.0,,,,,,
O_ablation,adult,500,10,100,0.2,150.0,160.0,1.620875,0.0421,-3.648,,,,,,
O_ablation,adult,500,10,100,0.2,200.0,210.0,1.625851,0.0525,-3.352,,,,,,
O_ablation,adult,500,10,100,0.2,300.0,310.0,1.627514,0.0794,-3.253,,,,,,
O_ablation,adult,500,20,50,0.1,1.0,21.0,2.253472,0.0061,27.585,,,,,,
O_ablation,adult,500,20,50,0.1,5.0,25.0,2.050884,0.0083,16.115,,,,,,
O_ablation,adult,500,20,50,0.1,10.0,30.0,2.016076,0.0115,14.144,,,,,,
O_ablation,adult,500,20,50,0.1,20.0,40.0,1.927378,0.0191,9.122,,,,,,
O_ablation,adult,500,20,50,0.1,30.0,50.0,1.870235,0.0254,5.887,,,,,,
O_ablation,adult,500,20,50,0.1,50.0,70.0,1.766259,0.0401,0.0,,,,,,
O_ablation,adult,500,20,50,0.1,75.0,95.0,1.686704,0.0504,-4.504,,,,,,
O_ablation,adult,500,20,50,0.1,100.0,120.0,1.693341,0.0607,-4.128,,,,,,
O_ablation,adult,500,20,50,0.1,150.0,170.0,1.580159,0.0874,-10.536,,,,,,
O_ablation,adult,500,20,100,0.2,1.0,21.0,2.001647,0.006,48.19,,,,,,
O_ablation,adult,500,20,100,0.2,5.0,25.0,1.873874,0.0085,38.731,,,,,,
O_ablation,adult,500,20,100,0.2,10.0,30.0,1.813714,0.0114,34.277,,,,,,
O_ablation,adult,500,20,100,0.2,20.0,40.0,1.689539,0.017,25.084,,,,,,
O_ablation,adult,500,20,100,0.2,30.0,50.0,1.539369,0.0242,13.966,,,,,,
O_ablation,adult,500,20,100,0.2,50.0,70.0,1.530715,0.036,13.325,,,,,,
O_ablation,adult,500,20,100,0.2,75.0,95.0,1.472332,0.0482,9.003,,,,,,
O_ablation,adult,500,20,100,0.2,100.0,120.0,1.350727,0.068,0.0,,,,,,
O_ablation,adult,500,20,100,0.2,150.0,170.0,1.314688,0.0888,-2.668,,,,,,
O_ablation,adult,500,20,100,0.2,200.0,220.0,1.315304,0.1054,-2.623,,,,,,
O_ablation,adult,500,20,100,0.2,300.0,320.0,1.29796,0.1559,-3.907,,,,,,
O_ablation,adult,1000,10,100,0.1,1.0,11.0,2.813718,0.0033,37.646,,,,,,
O_ablation,adult,1000,10,100,0.1,5.0,15.0,2.655723,0.0054,29.917,,,,,,
O_ablation,adult,1000,10,100,0.1,10.0,20.0,2.446437,0.008,19.679,,,,,,
O_ablation,adult,1000,10,100,0.1,20.0,30.0,2.334526,0.0133,14.204,,,,,,
O_ablation,adult,1000,10,100,0.1,30.0,40.0,2.230268,0.0219,9.104,,,,,,
O_ablation,adult,1000,10,100,0.1,50.0,60.0,2.185072,0.0285,6.893,,,,,,
O_ablation,adult,1000,10,100,0.1,75.0,85.0,2.050499,0.0376,0.31,,,,,,
O_ablation,adult,1000,10,100,0.1,100.0,110.0,2.04417,0.0643,0.0,,,,,,
O_ablation,adult,1000,10,100,0.1,150.0,160.0,1.987711,0.0701,-2.762,,,,,,
O_ablation,adult,1000,10,100,0.1,200.0,210.0,2.024059,0.0925,-0.984,,,,,,
O_ablation,adult,1000,10,100,0.1,300.0,310.0,1.932037,0.1528,-5.485,,,,,,
O_ablation,adult,1000,10,200,0.2,1.0,11.0,2.458162,0.0033,49.427,,,,,,
O_ablation,adult,1000,10,200,0.2,5.0,15.0,2.266832,0.0056,37.797,,,,,,
O_ablation,adult,1000,10,200,0.2,10.0,20.0,2.095839,0.0081,27.402,,,,,,
O_ablation,adult,1000,10,200,0.2,20.0,30.0,2.002285,0.0138,21.715,,,,,,
O_ablation,adult,1000,10,200,0.2,30.0,40.0,1.93252,0.0178,17.475,,,,,,
O_ablation,adult,1000,10,200,0.2,50.0,60.0,1.854127,0.0347,12.709,,,,,,
O_ablation,adult,1000,10,200,0.2,75.0,85.0,1.725085,0.044,4.865,,,,,,
O_ablation,adult,1000,10,200,0.2,100.0,110.0,1.770316,0.0535,7.614,,,,,,
O_ablation,adult,1000,10,200,0.2,150.0,160.0,1.603135,0.0853,-2.548,,,,,,
O_ablation,adult,1000,10,200,0.2,200.0,210.0,1.645054,0.0996,0.0,,,,,,
O_ablation,adult,1000,10,200,0.2,300.0,310.0,1.638532,0.1381,-0.396,,,,,,
O_ablation,adult,1000,10,200,0.2,500.0,510.0,1.611084,0.2433,-2.065,,,,,,
O_ablation,adult,1000,20,100,0.1,1.0,21.0,2.307477,0.0115,34.517,,,,,,
O_ablation,adult,1000,20,100,0.1,5.0,25.0,2.143127,0.0158,24.936,,,,,,
O_ablation,adult,1000,20,100,0.1,10.0,30.0,2.096634,0.0211,22.226,,,,,,
O_ablation,adult,1000,20,100,0.1,20.0,40.0,1.981099,0.0327,15.49,,,,,,
O_ablation,adult,1000,20,100,0.1,30.0,50.0,1.935252,0.044,12.818,,,,,,
O_ablation,adult,1000,20,100,0.1,50.0,70.0,1.79262,0.0708,4.503,,,,,,
O_ablation,adult,1000,20,100,0.1,75.0,95.0,1.734035,0.0945,1.088,,,,,,
O_ablation,adult,1000,20,100,0.1,100.0,120.0,1.715379,0.1071,0.0,,,,,,
O_ablation,adult,1000,20,100,0.1,150.0,170.0,1.670027,0.1602,-2.644,,,,,,
O_ablation,adult,1000,20,100,0.1,200.0,220.0,1.660592,0.2318,-3.194,,,,,,
O_ablation,adult,1000,20,100,0.1,300.0,320.0,1.652089,0.2991,-3.69,,,,,,
O_ablation,adult,1000,20,200,0.2,1.0,21.0,2.01819,0.0112,45.743,,,,,,
O_ablation,adult,1000,20,200,0.2,5.0,25.0,1.927045,0.016,39.161,,,,,,
O_ablation,adult,1000,20,200,0.2,10.0,30.0,1.902543,0.0215,37.392,,,,,,
O_ablation,adult,1000,20,200,0.2,20.0,40.0,1.799639,0.0314,29.961,,,,,,
O_ablation,adult,1000,20,200,0.2,30.0,50.0,1.731862,0.0426,25.066,,,,,,
O_ablation,adult,1000,20,200,0.2,50.0,70.0,1.544617,0.0709,11.544,,,,,,
O_ablation,adult,1000,20,200,0.2,75.0,95.0,1.469787,0.0912,6.14,,,,,,
O_ablation,adult,1000,20,200,0.2,100.0,120.0,1.426762,0.1102,3.033,,,,,,
O_ablation,adult,1000,20,200,0.2,150.0,170.0,1.389492,0.1978,0.342,,,,,,
O_ablation,adult,1000,20,200,0.2,200.0,220.0,1.384758,0.2034,0.0,,,,,,
O_ablation,adult,1000,20,200,0.2,300.0,320.0,1.356941,0.2885,-2.009,,,,,,
O_ablation,adult,1000,20,200,0.2,500.0,520.0,1.367169,0.4762,-1.27,,,,,,
O_ablation,adult,2000,10,200,0.1,1.0,11.0,2.926226,0.0063,45.664,,,,,,
O_ablation,adult,2000,10,200,0.1,5.0,15.0,2.770803,0.0106,37.927,,,,,,
O_ablation,adult,2000,10,200,0.1,10.0,20.0,2.677796,0.0168,33.298,,,,,,
O_ablation,adult,2000,10,200,0.1,20.0,30.0,2.411509,0.0256,20.042,,,,,,
O_ablation,adult,2000,10,200,0.1,30.0,40.0,2.375731,0.0353,18.261,,,,,,
O_ablation,adult,2000,10,200,0.1,50.0,60.0,2.211688,0.0564,10.095,,,,,,
O_ablation,adult,2000,10,200,0.1,75.0,85.0,2.168605,0.0973,7.951,,,,,,
O_ablation,adult,2000,10,200,0.1,100.0,110.0,2.036171,0.1415,1.358,,,,,,
O_ablation,adult,2000,10,200,0.1,150.0,160.0,1.973939,0.1498,-1.74,,,,,,
O_ablation,adult,2000,10,200,0.1,200.0,210.0,2.008885,0.2079,0.0,,,,,,
O_ablation,adult,2000,10,200,0.1,300.0,310.0,1.980765,0.3121,-1.4,,,,,,
O_ablation,adult,2000,10,200,0.1,500.0,510.0,1.974806,0.4761,-1.696,,,,,,
O_ablation,adult,2000,10,400,0.2,1.0,11.0,2.495091,0.0064,55.195,,,,,,
O_ablation,adult,2000,10,400,0.2,5.0,15.0,2.402106,0.0106,49.412,,,,,,
O_ablation,adult,2000,10,400,0.2,10.0,20.0,2.348567,0.0155,46.081,,,,,,
O_ablation,adult,2000,10,400,0.2,20.0,30.0,2.078845,0.0257,29.305,,,,,,
O_ablation,adult,2000,10,400,0.2,30.0,40.0,2.035494,0.0375,26.608,,,,,,
O_ablation,adult,2000,10,400,0.2,50.0,60.0,1.864313,0.0693,15.961,,,,,,
O_ablation,adult,2000,10,400,0.2,75.0,85.0,1.858735,0.0978,15.614,,,,,,
O_ablation,adult,2000,10,400,0.2,100.0,110.0,1.77176,0.1124,10.204,,,,,,
O_ablation,adult,2000,10,400,0.2,150.0,160.0,1.625418,0.143,1.101,,,,,,
O_ablation,adult,2000,10,400,0.2,200.0,210.0,1.621317,0.1964,0.846,,,,,,
O_ablation,adult,2000,10,400,0.2,300.0,310.0,1.618837,0.291,0.692,,,,,,
O_ablation,adult,2000,10,400,0.2,500.0,510.0,1.589049,0.5194,-1.161,,,,,,
O_ablation,adult,2000,10,400,0.2,750.0,760.0,1.607515,0.7856,-0.012,,,,,,
O_ablation,adult,2000,10,400,0.2,1000.0,1010.0,1.607873,0.9108,0.01,,,,,,
O_ablation,adult,2000,20,200,0.1,1.0,21.0,2.544437,0.0222,52.59,,,,,,
O_ablation,adult,2000,20,200,0.1,5.0,25.0,2.437292,0.0301,46.165,,,,,,
O_ablation,adult,2000,20,200,0.1,10.0,30.0,2.26818,0.0395,36.023,,,,,,
O_ablation,adult,2000,20,200,0.1,20.0,40.0,2.095567,0.0594,25.671,,,,,,
O_ablation,adult,2000,20,200,0.1,30.0,50.0,1.940335,0.0779,16.362,,,,,,
O_ablation,adult,2000,20,200,0.1,50.0,70.0,1.882004,0.151,12.864,,,,,,
O_ablation,adult,2000,20,200,0.1,75.0,95.0,1.840786,0.2191,10.392,,,,,,
O_ablation,adult,2000,20,200,0.1,100.0,120.0,1.78105,0.3152,6.81,,,,,,
O_ablation,adult,2000,20,200,0.1,150.0,170.0,1.737127,0.2848,4.176,,,,,,
O_ablation,adult,2000,20,200,0.1,200.0,220.0,1.667497,0.3988,0.0,,,,,,
O_ablation,adult,2000,20,200,0.1,300.0,320.0,1.666319,0.545,-0.071,,,,,,
O_ablation,adult,2000,20,200,0.1,500.0,520.0,1.661032,0.9259,-0.388,,,,,,
O_ablation,adult,2000,20,400,0.2,1.0,21.0,2.264927,0.0218,70.987,,,,,,
O_ablation,adult,2000,20,400,0.2,5.0,25.0,2.162693,0.0297,63.269,,,,,,
O_ablation,adult,2000,20,400,0.2,10.0,30.0,2.006504,0.0431,51.478,,,,,,
O_ablation,adult,2000,20,400,0.2,20.0,40.0,1.916665,0.0604,44.696,,,,,,
O_ablation,adult,2000,20,400,0.2,30.0,50.0,1.724408,0.0783,30.182,,,,,,
O_ablation,adult,2000,20,400,0.2,50.0,70.0,1.608876,0.1248,21.46,,,,,,
O_ablation,adult,2000,20,400,0.2,75.0,95.0,1.574571,0.1797,18.87,,,,,,
O_ablation,adult,2000,20,400,0.2,100.0,120.0,1.483334,0.2779,11.982,,,,,,
O_ablation,adult,2000,20,400,0.2,150.0,170.0,1.388698,0.3844,4.838,,,,,,
O_ablation,adult,2000,20,400,0.2,200.0,220.0,1.369568,0.4015,3.394,,,,,,
O_ablation,adult,2000,20,400,0.2,300.0,320.0,1.354469,0.6042,2.254,,,,,,
O_ablation,adult,2000,20,400,0.2,500.0,520.0,1.329182,0.9534,0.345,,,,,,
O_ablation,adult,2000,20,400,0.2,750.0,770.0,1.324596,1.4516,-0.002,,,,,,
O_ablation,adult,2000,20,400,0.2,1000.0,1020.0,1.306476,2.0769,-1.369,,,,,,
O_ablation,adult,5000,10,500,0.1,1.0,11.0,3.10868,0.0153,53.552,,,,,,
O_ablation,adult,5000,10,500,0.1,5.0,15.0,2.939058,0.0246,45.174,,,,,,
O_ablation,adult,5000,10,500,0.1,10.0,20.0,2.797311,0.036,38.172,,,,,,
O_ablation,adult,5000,10,500,0.1,20.0,30.0,2.494583,0.0584,23.219,,,,,,
O_ablation,adult,5000,10,500,0.1,30.0,40.0,2.443664,0.0806,20.704,,,,,,
O_ablation,adult,5000,10,500,0.1,50.0,60.0,2.348493,0.1387,16.003,,,,,,
O_ablation,adult,5000,10,500,0.1,75.0,85.0,2.304773,0.2069,13.843,,,,,,
O_ablation,adult,5000,10,500,0.1,100.0,110.0,2.21214,0.3011,9.268,,,,,,
O_ablation,adult,5000,10,500,0.1,150.0,160.0,2.118703,0.4088,4.653,,,,,,
O_ablation,adult,5000,10,500,0.1,200.0,210.0,2.032809,0.6157,0.41,,,,,,
O_ablation,adult,5000,10,500,0.1,300.0,310.0,1.982497,0.8561,-2.075,,,,,,
O_ablation,adult,5000,10,500,0.1,500.0,510.0,2.024511,1.1764,0.0,,,,,,
O_ablation,adult,5000,10,500,0.1,750.0,760.0,2.034787,1.8503,0.508,,,,,,
O_ablation,adult,5000,10,500,0.1,1000.0,1010.0,2.008093,2.3558,-0.811,,,,,,
O_ablation,adult,5000,10,1000,0.2,1.0,11.0,2.58962,0.0155,56.848,,,,,,
O_ablation,adult,5000,10,1000,0.2,5.0,15.0,2.514231,0.0253,52.282,,,,,,
O_ablation,adult,5000,10,1000,0.2,10.0,20.0,2.397034,0.0366,45.184,,,,,,
O_ablation,adult,5000,10,1000,0.2,20.0,30.0,2.175824,0.0666,31.785,,,,,,
O_ablation,adult,5000,10,1000,0.2,30.0,40.0,2.092969,0.0901,26.767,,,,,,
O_ablation,adult,5000,10,1000,0.2,50.0,60.0,1.963452,0.1474,18.922,,,,,,
O_ablation,adult,5000,10,1000,0.2,75.0,85.0,1.930439,0.2333,16.923,,,,,,
O_ablation,adult,5000,10,1000,0.2,100.0,110.0,1.847822,0.2849,11.919,,,,,,
O_ablation,adult,5000,10,1000,0.2,150.0,160.0,1.790643,0.4815,8.456,,,,,,
O_ablation,adult,5000,10,1000,0.2,200.0,210.0,1.729111,0.5807,4.729,,,,,,
O_ablation,adult,5000,10,1000,0.2,300.0,310.0,1.679998,0.7172,1.754,,,,,,
O_ablation,adult,5000,10,1000,0.2,500.0,510.0,1.609364,1.1968,-2.524,,,,,,
O_ablation,adult,5000,10,1000,0.2,750.0,760.0,1.655718,1.7877,0.284,,,,,,
O_ablation,adult,5000,10,1000,0.2,1000.0,1010.0,1.651035,2.3079,0.0,,,,,,
O_ablation,adult,5000,10,1000,0.2,2000.0,2010.0,1.626797,4.578,-1.468,,,,,,
O_ablation,adult,5000,20,500,0.1,1.0,21.0,2.677006,0.052,57.725,,,,,,
O_ablation,adult,5000,20,500,0.1,5.0,25.0,2.571489,0.0704,51.508,,,,,,
O_ablation,adult,5000,20,500,0.1,10.0,30.0,2.38017,0.0905,40.236,,,,,,
O_ablation,adult,5000,20,500,0.1,20.0,40.0,2.231912,0.1418,31.501,,,,,,
O_ablation,adult,5000,20,500,0.1,30.0,50.0,2.087896,0.2009,23.015,,,,,,
O_ablation,adult,5000,20,500,0.1,50.0,70.0,2.018898,0.3798,18.95,,,,,,
O_ablation,adult,5000,20,500,0.1,75.0,95.0,1.933259,0.4159,13.904,,,,,,
O_ablation,adult,5000,20,500,0.1,100.0,120.0,1.832342,0.5965,7.959,,,,,,
O_ablation,adult,5000,20,500,0.1,150.0,170.0,1.794935,1.0185,5.755,,,,,,
O_ablation,adult,5000,20,500,0.1,200.0,220.0,1.728982,1.0868,1.869,,,,,,
O_ablation,adult,5000,20,500,0.1,300.0,320.0,1.717444,1.3293,1.189,,,,,,
O_ablation,adult,5000,20,500,0.1,500.0,520.0,1.697263,2.2666,0.0,,,,,,
O_ablation,adult,5000,20,500,0.1,750.0,770.0,1.683804,3.6682,-0.793,,,,,,
O_ablation,adult,5000,20,500,0.1,1000.0,1020.0,1.698503,4.3233,0.073,,,,,,
O_ablation,adult,5000,20,1000,0.2,1.0,21.0,2.343395,0.0525,70.915,,,,,,
O_ablation,adult,5000,20,1000,0.2,5.0,25.0,2.273056,0.0743,65.784,,,,,,
O_ablation,adult,5000,20,1000,0.2,10.0,30.0,2.134616,0.1034,55.687,,,,,,
O_ablation,adult,5000,20,1000,0.2,20.0,40.0,2.003925,0.1463,46.155,,,,,,
O_ablation,adult,5000,20,1000,0.2,30.0,50.0,1.877221,0.2102,36.914,,,,,,
O_ablation,adult,5000,20,1000,0.2,50.0,70.0,1.796998,0.3233,31.063,,,,,,
O_ablation,adult,5000,20,1000,0.2,75.0,95.0,1.715715,0.4419,25.135,,,,,,
O_ablation,adult,5000,20,1000,0.2,100.0,120.0,1.568272,0.5752,14.381,,,,,,
O_ablation,adult,5000,20,1000,0.2,150.0,170.0,1.464263,0.8859,6.795,,,,,,
O_ablation,adult,5000,20,1000,0.2,200.0,220.0,1.4576,1.252,6.31,,,,,,
O_ablation,adult,5000,20,1000,0.2,300.0,320.0,1.414437,1.6919,3.161,,,,,,
O_ablation,adult,5000,20,1000,0.2,500.0,520.0,1.372275,2.3556,0.086,,,,,,
O_ablation,adult,5000,20,1000,0.2,750.0,770.0,1.38429,3.8139,0.963,,,,,,
O_ablation,adult,5000,20,1000,0.2,1000.0,1020.0,1.371091,4.8842,0.0,,,,,,
O_ablation,adult,5000,20,1000,0.2,2000.0,2020.0,1.363265,9.4709,-0.571,,,,,,
O_ablation,diabetes,500,10,50,0.1,1.0,11.0,2.7414,0.0018,29.762,,,,,,
O_ablation,diabetes,500,10,50,0.1,5.0,15.0,2.562147,0.0028,21.278,,,,,,
O_ablation,diabetes,500,10,50,0.1,10.0,20.0,2.402866,0.0041,13.738,,,,,,
O_ablation,diabetes,500,10,50,0.1,20.0,30.0,2.259223,0.0077,6.939,,,,,,
O_ablation,diabetes,500,10,50,0.1,30.0,40.0,2.211573,0.0118,4.683,,,,,,
O_ablation,diabetes,500,10,50,0.1,50.0,60.0,2.11263,0.0148,0.0,,,,,,
O_ablation,diabetes,500,10,50,0.1,75.0,85.0,2.066596,0.0235,-2.179,,,,,,
O_ablation,diabetes,500,10,50,0.1,100.0,110.0,2.057277,0.0302,-2.62,,,,,,
O_ablation,diabetes,500,10,50,0.1,150.0,160.0,2.050771,0.0399,-2.928,,,,,,
O_ablation,diabetes,500,10,100,0.2,1.0,11.0,2.375381,0.0018,32.472,,,,,,
O_ablation,diabetes,500,10,100,0.2,5.0,15.0,2.235897,0.0029,24.693,,,,,,
O_ablation,diabetes,500,10,100,0.2,10.0,20.0,2.172698,0.0045,21.168,,,,,,
O_ablation,diabetes,500,10,100,0.2,20.0,30.0,2.014452,0.0082,12.343,,,,,,
O_ablation,diabetes,500,10,100,0.2,30.0,40.0,1.997152,0.0103,11.378,,,,,,
O_ablation,diabetes,500,10,100,0.2,50.0,60.0,1.892948,0.0163,5.567,,,,,,
O_ablation,diabetes,500,10,100,0.2,75.0,85.0,1.831233,0.0323,2.125,,,,,,
O_ablation,diabetes,500,10,100,0.2,100.0,110.0,1.793122,0.0323,0.0,,,,,,
O_ablation,diabetes,500,10,100,0.2,150.0,160.0,1.750903,0.0512,-2.355,,,,,,
O_ablation,diabetes,500,10,100,0.2,200.0,210.0,1.734291,0.0558,-3.281,,,,,,
O_ablation,diabetes,500,10,100,0.2,300.0,310.0,1.709052,0.0824,-4.688,,,,,,
O_ablation,diabetes,500,20,50,0.1,1.0,21.0,2.231749,0.006,18.384,,,,,,
O_ablation,diabetes,500,20,50,0.1,5.0,25.0,2.060816,0.0083,9.317,,,,,,
O_ablation,diabetes,500,20,50,0.1,10.0,30.0,2.018587,0.0111,7.077,,,,,,
O_ablation,diabetes,500,20,50,0.1,20.0,40.0,1.978032,0.0171,4.926,,,,,,
O_ablation,diabetes,500,20,50,0.1,30.0,50.0,1.899457,0.0221,0.758,,,,,,
O_ablation,diabetes,500,20,50,0.1,50.0,70.0,1.885177,0.0364,0.0,,,,,,
O_ablation,diabetes,500,20,50,0.1,75.0,95.0,1.79781,0.0464,-4.634,,,,,,
O_ablation,diabetes,500,20,50,0.1,100.0,120.0,1.773767,0.0562,-5.91,,,,,,
O_ablation,diabetes,500,20,50,0.1,150.0,170.0,1.785185,0.08,-5.304,,,,,,
O_ablation,diabetes,500,20,100,0.2,1.0,21.0,2.029311,0.0062,30.784,,,,,,
O_ablation,diabetes,500,20,100,0.2,5.0,25.0,1.920112,0.0086,23.746,,,,,,
O_ablation,diabetes,500,20,100,0.2,10.0,30.0,1.888073,0.0115,21.682,,,,,,
O_ablation,diabetes,500,20,100,0.2,20.0,40.0,1.832686,0.0174,18.112,,,,,,
O_ablation,diabetes,500,20,100,0.2,30.0,50.0,1.715763,0.0233,10.577,,,,,,
O_ablation,diabetes,500,20,100,0.2,50.0,70.0,1.626304,0.0417,4.811,,,,,,
O_ablation,diabetes,500,20,100,0.2,75.0,95.0,1.588914,0.0524,2.402,,,,,,
O_ablation,diabetes,500,20,100,0.2,100.0,120.0,1.55165,0.075,0.0,,,,,,
O_ablation,diabetes,500,20,100,0.2,150.0,170.0,1.525424,0.0928,-1.69,,,,,,
O_ablation,diabetes,500,20,100,0.2,200.0,220.0,1.529195,0.101,-1.447,,,,,,
O_ablation,diabetes,500,20,100,0.2,300.0,320.0,1.465065,0.1667,-5.58,,,,,,
O_ablation,diabetes,1000,10,100,0.1,1.0,11.0,2.856968,0.0033,34.485,,,,,,
O_ablation,diabetes,1000,10,100,0.1,5.0,15.0,2.645576,0.0055,24.534,,,,,,
O_ablation,diabetes,1000,10,100,0.1,10.0,20.0,2.530676,0.0082,19.125,,,,,,
O_ablation,diabetes,1000,10,100,0.1,20.0,30.0,2.344249,0.0137,10.35,,,,,,
O_ablation,diabetes,1000,10,100,0.1,30.0,40.0,2.32039,0.0184,9.226,,,,,,
O_ablation,diabetes,1000,10,100,0.1,50.0,60.0,2.187492,0.0334,2.971,,,,,,
O_ablation,diabetes,1000,10,100,0.1,75.0,85.0,2.169744,0.0428,2.135,,,,,,
O_ablation,diabetes,1000,10,100,0.1,100.0,110.0,2.124385,0.0567,0.0,,,,,,
O_ablation,diabetes,1000,10,100,0.1,150.0,160.0,2.090006,0.0912,-1.618,,,,,,
O_ablation,diabetes,1000,10,100,0.1,200.0,210.0,2.070749,0.1017,-2.525,,,,,,
O_ablation,diabetes,1000,10,100,0.1,300.0,310.0,2.015793,0.1407,-5.112,,,,,,
O_ablation,diabetes,1000,10,200,0.2,1.0,11.0,2.578487,0.0035,41.867,,,,,,
O_ablation,diabetes,1000,10,200,0.2,5.0,15.0,2.400506,0.0055,32.074,,,,,,
O_ablation,diabetes,1000,10,200,0.2,10.0,20.0,2.312083,0.0082,27.209,,,,,,
O_ablation,diabetes,1000,10,200,0.2,20.0,30.0,2.151364,0.0139,18.367,,,,,,
O_ablation,diabetes,1000,10,200,0.2,30.0,40.0,2.099194,0.019,15.496,,,,,,
O_ablation,diabetes,1000,10,200,0.2,50.0,60.0,1.888206,0.029,3.888,,,,,,
O_ablation,diabetes,1000,10,200,0.2,75.0,85.0,1.883016,0.0477,3.602,,,,,,
O_ablation,diabetes,1000,10,200,0.2,100.0,110.0,1.864154,0.0636,2.565,,,,,,
O_ablation,diabetes,1000,10,200,0.2,150.0,160.0,1.843025,0.0803,1.402,,,,,,
O_ablation,diabetes,1000,10,200,0.2,200.0,210.0,1.817542,0.1002,0.0,,,,,,
O_ablation,diabetes,1000,10,200,0.2,300.0,310.0,1.7535,0.1478,-3.524,,,,,,
O_ablation,diabetes,1000,10,200,0.2,500.0,510.0,1.783437,0.2352,-1.876,,,,,,
O_ablation,diabetes,1000,20,100,0.1,1.0,21.0,2.461898,0.0115,34.175,,,,,,
O_ablation,diabetes,1000,20,100,0.1,5.0,25.0,2.342313,0.016,27.658,,,,,,
O_ablation,diabetes,1000,20,100,0.1,10.0,30.0,2.240465,0.021,22.107,,,,,,
O_ablation,diabetes,1000,20,100,0.1,20.0,40.0,2.136343,0.0311,16.432,,,,,,
O_ablation,diabetes,1000,20,100,0.1,30.0,50.0,1.913832,0.0399,4.305,,,,,,
O_ablation,diabetes,1000,20,100,0.1,50.0,70.0,1.895829,0.0728,3.324,,,,,,
O_ablation,diabetes,1000,20,100,0.1,75.0,95.0,1.871229,0.0919,1.983,,,,,,
O_ablation,diabetes,1000,20,100,0.1,100.0,120.0,1.83484,0.116,0.0,,,,,,
O_ablation,diabetes,1000,20,100,0.1,150.0,170.0,1.843452,0.1679,0.469,,,,,,
O_ablation,diabetes,1000,20,100,0.1,200.0,220.0,1.766616,0.1954,-3.718,,,,,,
O_ablation,diabetes,1000,20,100,0.1,300.0,320.0,1.775431,0.2812,-3.238,,,,,,
O_ablation,diabetes,1000,20,200,0.2,1.0,21.0,2.261419,0.0117,43.844,,,,,,
O_ablation,diabetes,1000,20,200,0.2,5.0,25.0,2.149827,0.0162,36.746,,,,,,
O_ablation,diabetes,1000,20,200,0.2,10.0,30.0,2.093599,0.0215,33.17,,,,,,
O_ablation,diabetes,1000,20,200,0.2,20.0,40.0,1.953202,0.032,24.239,,,,,,
O_ablation,diabetes,1000,20,200,0.2,30.0,50.0,1.770102,0.0405,12.593,,,,,,
O_ablation,diabetes,1000,20,200,0.2,50.0,70.0,1.719302,0.0705,9.361,,,,,,
O_ablation,diabetes,1000,20,200,0.2,75.0,95.0,1.681921,0.1123,6.984,,,,,,
O_ablation,diabetes,1000,20,200,0.2,100.0,120.0,1.639934,0.1525,4.313,,,,,,
O_ablation,diabetes,1000,20,200,0.2,150.0,170.0,1.62441,0.1764,3.326,,,,,,
O_ablation,diabetes,1000,20,200,0.2,200.0,220.0,1.572128,0.2128,0.0,,,,,,
O_ablation,diabetes,1000,20,200,0.2,300.0,320.0,1.523313,0.2864,-3.105,,,,,,
O_ablation,diabetes,1000,20,200,0.2,500.0,520.0,1.508275,0.4817,-4.062,,,,,,
O_ablation,diabetes,2000,10,200,0.1,1.0,11.0,2.957935,0.0064,35.212,,,,,,
O_ablation,diabetes,2000,10,200,0.1,5.0,15.0,2.752733,0.0106,25.832,,,,,,
O_ablation,diabetes,2000,10,200,0.1,10.0,20.0,2.644135,0.0153,20.868,,,,,,
O_ablation,diabetes,2000,10,200,0.1,20.0,30.0,2.537692,0.0265,16.002,,,,,,
O_ablation,diabetes,2000,10,200,0.1,30.0,40.0,2.464492,0.0372,12.656,,,,,,
O_ablation,diabetes,2000,10,200,0.1,50.0,60.0,2.374763,0.0667,8.554,,,,,,
O_ablation,diabetes,2000,10,200,0.1,75.0,85.0,2.322246,0.0852,6.154,,,,,,
O_ablation,diabetes,2000,10,200,0.1,100.0,110.0,2.243536,0.1241,2.556,,,,,,
O_ablation,diabetes,2000,10,200,0.1,150.0,160.0,2.191979,0.1694,0.199,,,,,,
O_ablation,diabetes,2000,10,200,0.1,200.0,210.0,2.187629,0.2033,0.0,,,,,,
O_ablation,diabetes,2000,10,200,0.1,300.0,310.0,2.090698,0.2892,-4.431,,,,,,
O_ablation,diabetes,2000,10,200,0.1,500.0,510.0,2.13901,0.4877,-2.222,,,,,,
O_ablation,diabetes,2000,10,400,0.2,1.0,11.0,2.637352,0.0061,47.85,,,,,,
O_ablation,diabetes,2000,10,400,0.2,5.0,15.0,2.468367,0.0107,38.377,,,,,,
O_ablation,diabetes,2000,10,400,0.2,10.0,20.0,2.427035,0.0159,36.06,,,,,,
O_ablation,diabetes,2000,10,400,0.2,20.0,30.0,2.309332,0.0266,29.461,,,,,,
O_ablation,diabetes,2000,10,400,0.2,30.0,40.0,2.197306,0.04,23.181,,,,,,
O_ablation,diabetes,2000,10,400,0.2,50.0,60.0,2.139347,0.0592,19.932,,,,,,
O_ablation,diabetes,2000,10,400,0.2,75.0,85.0,2.016425,0.1176,13.041,,,,,,
O_ablation,diabetes,2000,10,400,0.2,100.0,110.0,1.963286,0.1204,10.062,,,,,,
O_ablation,diabetes,2000,10,400,0.2,150.0,160.0,1.926358,0.172,7.992,,,,,,
O_ablation,diabetes,2000,10,400,0.2,200.0,210.0,1.898437,0.2425,6.426,,,,,,
O_ablation,diabetes,2000,10,400,0.2,300.0,310.0,1.827456,0.2882,2.447,,,,,,
O_ablation,diabetes,2000,10,400,0.2,500.0,510.0,1.768178,0.5329,-0.876,,,,,,
O_ablation,diabetes,2000,10,400,0.2,750.0,760.0,1.798924,0.766,0.848,,,,,,
O_ablation,diabetes,2000,10,400,0.2,1000.0,1010.0,1.766471,1.0795,-0.972,,,,,,
O_ablation,diabetes,2000,20,200,0.1,1.0,21.0,2.599274,0.0219,36.604,,,,,,
O_ablation,diabetes,2000,20,200,0.1,5.0,25.0,2.477865,0.0309,30.223,,,,,,
O_ablation,diabetes,2000,20,200,0.1,10.0,30.0,2.440799,0.0449,28.275,,,,,,
O_ablation,diabetes,2000,20,200,0.1,20.0,40.0,2.242167,0.0615,17.836,,,,,,
O_ablation,diabetes,2000,20,200,0.1,30.0,50.0,2.209047,0.0821,16.096,,,,,,
O_ablation,diabetes,2000,20,200,0.1,50.0,70.0,2.055025,0.1306,8.001,,,,,,
O_ablation,diabetes,2000,20,200,0.1,75.0,95.0,2.033409,0.1883,6.865,,,,,,
O_ablation,diabetes,2000,20,200,0.1,100.0,120.0,1.960556,0.2422,3.036,,,,,,
O_ablation,diabetes,2000,20,200,0.1,150.0,170.0,1.933242,0.3017,1.601,,,,,,
O_ablation,diabetes,2000,20,200,0.1,200.0,220.0,1.902782,0.427,0.0,,,,,,
O_ablation,diabetes,2000,20,200,0.1,300.0,320.0,1.837818,0.6037,-3.414,,,,,,
O_ablation,diabetes,2000,20,200,0.1,500.0,520.0,1.836242,0.9715,-3.497,,,,,,
O_ablation,diabetes,2000,20,400,0.2,1.0,21.0,2.392509,0.0225,50.714,,,,,,
O_ablation,diabetes,2000,20,400,0.2,5.0,25.0,2.273321,0.0311,43.206,,,,,,
O_ablation,diabetes,2000,20,400,0.2,10.0,30.0,2.235523,0.0412,40.825,,,,,,
O_ablation,diabetes,2000,20,400,0.2,20.0,40.0,2.083413,0.0611,31.243,,,,,,
O_ablation,diabetes,2000,20,400,0.2,30.0,50.0,2.039617,0.0827,28.484,,,,,,
O_ablation,diabetes,2000,20,400,0.2,50.0,70.0,1.81316,0.1252,14.218,,,,,,
O_ablation,diabetes,2000,20,400,0.2,75.0,95.0,1.758662,0.1799,10.785,,,,,,
O_ablation,diabetes,2000,20,400,0.2,100.0,120.0,1.722993,0.2172,8.538,,,,,,
O_ablation,diabetes,2000,20,400,0.2,150.0,170.0,1.674752,0.4582,5.499,,,,,,
O_ablation,diabetes,2000,20,400,0.2,200.0,220.0,1.640803,0.4706,3.361,,,,,,
O_ablation,diabetes,2000,20,400,0.2,300.0,320.0,1.61133,0.6181,1.504,,,,,,
O_ablation,diabetes,2000,20,400,0.2,500.0,520.0,1.599058,0.9276,0.731,,,,,,
O_ablation,diabetes,2000,20,400,0.2,750.0,770.0,1.578232,1.425,-0.581,,,,,,
O_ablation,diabetes,2000,20,400,0.2,1000.0,1020.0,1.559981,1.8783,-1.731,,,,,,
O_ablation,diabetes,5000,10,500,0.1,1.0,11.0,3.282939,0.0161,48.063,,,,,,
O_ablation,diabetes,5000,10,500,0.1,5.0,15.0,3.184813,0.0271,43.637,,,,,,
O_ablation,diabetes,5000,10,500,0.1,10.0,20.0,2.867885,0.0398,29.343,,,,,,
O_ablation,diabetes,5000,10,500,0.1,20.0,30.0,2.729684,0.0662,23.11,,,,,,
O_ablation,diabetes,5000,10,500,0.1,30.0,40.0,2.664064,0.0857,20.151,,,,,,
O_ablation,diabetes,5000,10,500,0.1,50.0,60.0,2.555762,0.1441,15.266,,,,,,
O_ablation,diabetes,5000,10,500,0.1,75.0,85.0,2.488178,0.2154,12.218,,,,,,
O_ablation,diabetes,5000,10,500,0.1,100.0,110.0,2.396687,0.2437,8.092,,,,,,
O_ablation,diabetes,5000,10,500,0.1,150.0,160.0,2.309669,0.4742,4.167,,,,,,
O_ablation,diabetes,5000,10,500,0.1,200.0,210.0,2.281433,0.6234,2.894,,,,,,
O_ablation,diabetes,5000,10,500,0.1,300.0,310.0,2.24054,0.9002,1.05,,,,,,
O_ablation,diabetes,5000,10,500,0.1,500.0,510.0,2.217265,1.3459,0.0,,,,,,
O_ablation,diabetes,5000,10,500,0.1,750.0,760.0,2.17864,1.9818,-1.742,,,,,,
O_ablation,diabetes,5000,10,500,0.1,1000.0,1010.0,2.198987,2.3852,-0.824,,,,,,
O_ablation,diabetes,5000,10,1000,0.2,1.0,11.0,2.837265,0.0166,51.24,,,,,,
O_ablation,diabetes,5000,10,1000,0.2,5.0,15.0,2.78713,0.0275,48.567,,,,,,
O_ablation,diabetes,5000,10,1000,0.2,10.0,20.0,2.588948,0.0411,38.003,,,,,,
O_ablation,diabetes,5000,10,1000,0.2,20.0,30.0,2.485731,0.0677,32.501,,,,,,
O_ablation,diabetes,5000,10,1000,0.2,30.0,40.0,2.40835,0.0943,28.377,,,,,,
O_ablation,diabetes,5000,10,1000,0.2,50.0,60.0,2.316682,0.1461,23.49,,,,,,
O_ablation,diabetes,5000,10,1000,0.2,75.0,85.0,2.198203,0.2509,17.175,,,,,,
O_ablation,diabetes,5000,10,1000,0.2,100.0,110.0,2.137058,0.2865,13.915,,,,,,
O_ablation,diabetes,5000,10,1000,0.2,150.0,160.0,2.06624,0.6108,10.14,,,,,,
O_ablation,diabetes,5000,10,1000,0.2,200.0,210.0,1.994438,0.5704,6.313,,,,,,
O_ablation,diabetes,5000,10,1000,0.2,300.0,310.0,1.959017,0.8748,4.425,,,,,,
O_ablation,diabetes,5000,10,1000,0.2,500.0,510.0,1.885223,1.9874,0.491,,,,,,
O_ablation,diabetes,5000,10,1000,0.2,750.0,760.0,1.866332,2.4847,-0.516,,,,,,
O_ablation,diabetes,5000,10,1000,0.2,1000.0,1010.0,1.876005,3.8952,0.0,,,,,,
O_ablation,diabetes,5000,10,1000,0.2,2000.0,2010.0,1.860747,5.0641,-0.813,,,,,,
O_ablation,diabetes,5000,20,500,0.1,1.0,21.0,2.849921,0.0565,48.529,,,,,,
O_ablation,diabetes,5000,20,500,0.1,5.0,25.0,2.780799,0.0771,44.926,,,,,,
O_ablation,diabetes,5000,20,500,0.1,10.0,30.0,2.656367,0.1026,38.441,,,,,,
O_ablation,diabetes,5000,20,500,0.1,20.0,40.0,2.522376,0.1461,31.458,,,,,,
O_ablation,diabetes,5000,20,500,0.1,30.0,50.0,2.387737,0.1909,24.441,,,,,,
O_ablation,diabetes,5000,20,500,0.1,50.0,70.0,2.316284,0.3034,20.717,,,,,,
O_ablation,diabetes,5000,20,500,0.1,75.0,95.0,2.158815,0.518,12.51,,,,,,
O_ablation,diabetes,5000,20,500,0.1,100.0,120.0,2.133458,0.5372,11.189,,,,,,
O_ablation,diabetes,5000,20,500,0.1,150.0,170.0,2.057058,1.0102,7.207,,,,,,
O_ablation,diabetes,5000,20,500,0.1,200.0,220.0,1.993296,1.0261,3.884,,,,,,
O_ablation,diabetes,5000,20,500,0.1,300.0,320.0,1.961928,1.4505,2.249,,,,,,
O_ablation,diabetes,5000,20,500,0.1,500.0,520.0,1.91877,2.7186,0.0,,,,,,
O_ablation,diabetes,5000,20,500,0.1,750.0,770.0,1.911154,3.8002,-0.397,,,,,,
O_ablation,diabetes,5000,20,500,0.1,1000.0,1020.0,1.892738,4.7735,-1.357,,,,,,
O_ablation,diabetes,5000,20,1000,0.2,1.0,21.0,2.577191,0.0575,56.675,,,,,,
O_ablation,diabetes,5000,20,1000,0.2,5.0,25.0,2.526364,0.0788,53.585,,,,,,
O_ablation,diabetes,5000,20,1000,0.2,10.0,30.0,2.450561,0.1049,48.977,,,,,,
O_ablation,diabetes,5000,20,1000,0.2,20.0,40.0,2.323813,0.1565,41.271,,,,,,
O_ablation,diabetes,5000,20,1000,0.2,30.0,50.0,2.20884,0.2053,34.282,,,,,,
O_ablation,diabetes,5000,20,1000,0.2,50.0,70.0,2.117775,0.3251,28.746,,,,,,
O_ablation,diabetes,5000,20,1000,0.2,75.0,95.0,1.982362,0.467,20.514,,,,,,
O_ablation,diabetes,5000,20,1000,0.2,100.0,120.0,1.933372,0.6008,17.535,,,,,,
O_ablation,diabetes,5000,20,1000,0.2,150.0,170.0,1.820106,0.8953,10.65,,,,,,
O_ablation,diabetes,5000,20,1000,0.2,200.0,220.0,1.744218,1.4691,6.036,,,,,,
O_ablation,diabetes,5000,20,1000,0.2,300.0,320.0,1.711752,2.2056,4.062,,,,,,
O_ablation,diabetes,5000,20,1000,0.2,500.0,520.0,1.662739,3.2613,1.083,,,,,,
O_ablation,diabetes,5000,20,1000,0.2,750.0,770.0,1.634282,3.8509,-0.647,,,,,,
O_ablation,diabetes,5000,20,1000,0.2,1000.0,1020.0,1.644927,4.8583,0.0,,,,,,
O_ablation,diabetes,5000,20,1000,0.2,2000.0,2020.0,1.622992,10.2915,-1.334,,,,,,
O_ablation,covertype,500,10,50,0.1,1.0,11.0,3.648373,0.0019,10.186,,,,,,
O_ablation,covertype,500,10,50,0.1,5.0,15.0,3.644206,0.0031,10.06,,,,,,
O_ablation,covertype,500,10,50,0.1,10.0,20.0,3.510954,0.0049,6.035,,,,,,
O_ablation,covertype,500,10,50,0.1,20.0,30.0,3.436876,0.0092,3.798,,,,,,
O_ablation,covertype,500,10,50,0.1,30.0,40.0,3.39488,0.0123,2.53,,,,,,
O_ablation,covertype,500,10,50,0.1,50.0,60.0,3.311117,0.0196,0.0,,,,,,
O_ablation,covertype,500,10,50,0.1,75.0,85.0,3.246241,0.0239,-1.959,,,,,,
O_ablation,covertype,500,10,50,0.1,100.0,110.0,3.178385,0.0287,-4.009,,,,,,
O_ablation,covertype,500,10,50,0.1,150.0,160.0,3.202308,0.0399,-3.286,,,,,,
O_ablation,covertype,500,10,100,0.2,1.0,11.0,3.370703,0.002,19.929,,,,,,
O_ablation,covertype,500,10,100,0.2,5.0,15.0,3.343598,0.0032,18.965,,,,,,
O_ablation,covertype,500,10,100,0.2,10.0,20.0,3.240418,0.0048,15.294,,,,,,
O_ablation,covertype,500,10,100,0.2,20.0,30.0,3.138282,0.0083,11.66,,,,,,
O_ablation,covertype,500,10,100,0.2,30.0,40.0,3.085269,0.0125,9.773,,,,,,
O_ablation,covertype,500,10,100,0.2,50.0,60.0,2.999077,0.0187,6.707,,,,,,
O_ablation,covertype,500,10,100,0.2,75.0,85.0,2.939737,0.0274,4.595,,,,,,
O_ablation,covertype,500,10,100,0.2,100.0,110.0,2.810582,0.0309,0.0,,,,,,
O_ablation,covertype,500,10,100,0.2,150.0,160.0,2.801125,0.0441,-0.336,,,,,,
O_ablation,covertype,500,10,100,0.2,200.0,210.0,2.646163,0.0728,-5.85,,,,,,
O_ablation,covertype,500,10,100,0.2,300.0,310.0,2.641166,0.0992,-6.028,,,,,,
O_ablation,covertype,500,20,50,0.1,1.0,21.0,3.235766,0.0064,12.566,,,,,,
O_ablation,covertype,500,20,50,0.1,5.0,25.0,3.126497,0.0087,8.765,,,,,,
O_ablation,covertype,500,20,50,0.1,10.0,30.0,3.068216,0.0124,6.738,,,,,,
O_ablation,covertype,500,20,50,0.1,20.0,40.0,2.971624,0.019,3.377,,,,,,
O_ablation,covertype,500,20,50,0.1,30.0,50.0,2.953348,0.0236,2.742,,,,,,
O_ablation,covertype,500,20,50,0.1,50.0,70.0,2.874539,0.0346,0.0,,,,,,
O_ablation,covertype,500,20,50,0.1,75.0,95.0,2.790576,0.0443,-2.921,,,,,,
O_ablation,covertype,500,20,50,0.1,100.0,120.0,2.767547,0.0577,-3.722,,,,,,
O_ablation,covertype,500,20,50,0.1,150.0,170.0,2.724677,0.0839,-5.213,,,,,,
O_ablation,covertype,500,20,100,0.2,1.0,21.0,3.023201,0.0065,22.008,,,,,,
O_ablation,covertype,500,20,100,0.2,5.0,25.0,2.942647,0.0094,18.757,,,,,,
O_ablation,covertype,500,20,100,0.2,10.0,30.0,2.82208,0.0123,13.892,,,,,,
O_ablation,covertype,500,20,100,0.2,20.0,40.0,2.654724,0.0188,7.138,,,,,,
O_ablation,covertype,500,20,100,0.2,30.0,50.0,2.633949,0.0251,6.299,,,,,,
O_ablation,covertype,500,20,100,0.2,50.0,70.0,2.59793,0.0381,4.846,,,,,,
O_ablation,covertype,500,20,100,0.2,75.0,95.0,2.510357,0.0471,1.311,,,,,,
O_ablation,covertype,500,20,100,0.2,100.0,120.0,2.477862,0.0603,0.0,,,,,,
O_ablation,covertype,500,20,100,0.2,150.0,170.0,2.372008,0.0871,-4.272,,,,,,
O_ablation,covertype,500,20,100,0.2,200.0,220.0,2.349357,0.1161,-5.186,,,,,,
O_ablation,covertype,500,20,100,0.2,300.0,320.0,2.270966,0.179,-8.35,,,,,,
O_ablation,covertype,1000,10,100,0.1,1.0,11.0,4.060079,0.0035,18.771,,,,,,
O_ablation,covertype,1000,10,100,0.1,5.0,15.0,3.897521,0.0055,14.016,,,,,,
O_ablation,covertype,1000,10,100,0.1,10.0,20.0,3.720506,0.0079,8.837,,,,,,
O_ablation,covertype,1000,10,100,0.1,20.0,30.0,3.662362,0.0135,7.136,,,,,,
O_ablation,covertype,1000,10,100,0.1,30.0,40.0,3.719239,0.0204,8.8,,,,,,
O_ablation,covertype,1000,10,100,0.1,50.0,60.0,3.576849,0.0344,4.635,,,,,,
O_ablation,covertype,1000,10,100,0.1,75.0,85.0,3.404158,0.053,-0.417,,,,,,
O_ablation,covertype,1000,10,100,0.1,100.0,110.0,3.418412,0.0572,0.0,,,,,,
O_ablation,covertype,1000,10,100,0.1,150.0,160.0,3.338596,0.0768,-2.335,,,,,,
O_ablation,covertype,1000,10,100,0.1,200.0,210.0,3.291899,0.1346,-3.701,,,,,,
O_ablation,covertype,1000,10,100,0.1,300.0,310.0,3.353792,0.1386,-1.89,,,,,,
O_ablation,covertype,1000,10,200,0.2,1.0,11.0,3.790568,0.0035,30.862,,,,,,
O_ablation,covertype,1000,10,200,0.2,5.0,15.0,3.605639,0.0056,24.477,,,,,,
O_ablation,covertype,1000,10,200,0.2,10.0,20.0,3.430215,0.0093,18.421,,,,,,
O_ablation,covertype,1000,10,200,0.2,20.0,30.0,3.295433,0.0145,13.768,,,,,,
O_ablation,covertype,1000,10,200,0.2,30.0,40.0,3.228622,0.0207,11.462,,,,,,
O_ablation,covertype,1000,10,200,0.2,50.0,60.0,3.249483,0.0314,12.182,,,,,,
O_ablation,covertype,1000,10,200,0.2,75.0,85.0,3.025566,0.0482,4.452,,,,,,
O_ablation,covertype,1000,10,200,0.2,100.0,110.0,3.01211,0.0644,3.987,,,,,,
O_ablation,covertype,1000,10,200,0.2,150.0,160.0,2.974157,0.0882,2.677,,,,,,
O_ablation,covertype,1000,10,200,0.2,200.0,210.0,2.896623,0.1083,0.0,,,,,,
O_ablation,covertype,1000,10,200,0.2,300.0,310.0,2.894109,0.1463,-0.087,,,,,,
O_ablation,covertype,1000,10,200,0.2,500.0,510.0,2.803659,0.26,-3.209,,,,,,
O_ablation,covertype,1000,20,100,0.1,1.0,21.0,3.533851,0.0116,20.721,,,,,,
O_ablation,covertype,1000,20,100,0.1,5.0,25.0,3.459181,0.016,18.17,,,,,,
O_ablation,covertype,1000,20,100,0.1,10.0,30.0,3.291424,0.0205,12.439,,,,,,
O_ablation,covertype,1000,20,100,0.1,20.0,40.0,3.150294,0.0339,7.618,,,,,,
O_ablation,covertype,1000,20,100,0.1,30.0,50.0,3.046764,0.051,4.081,,,,,,
O_ablation,covertype,1000,20,100,0.1,50.0,70.0,3.105457,0.0623,6.086,,,,,,
O_ablation,covertype,1000,20,100,0.1,75.0,95.0,2.999077,0.0807,2.452,,,,,,
O_ablation,covertype,1000,20,100,0.1,100.0,120.0,2.927298,0.12,0.0,,,,,,
O_ablation,covertype,1000,20,100,0.1,150.0,170.0,2.873889,0.1544,-1.824,,,,,,
O_ablation,covertype,1000,20,100,0.1,200.0,220.0,2.769053,0.2,-5.406,,,,,,
O_ablation,covertype,1000,20,100,0.1,300.0,320.0,2.77536,0.2911,-5.19,,,,,,
O_ablation,covertype,1000,20,200,0.2,1.0,21.0,3.316477,0.0125,32.961,,,,,,
O_ablation,covertype,1000,20,200,0.2,5.0,25.0,3.231256,0.017,29.544,,,,,,
O_ablation,covertype,1000,20,200,0.2,10.0,30.0,3.088128,0.0229,23.806,,,,,,
O_ablation,covertype,1000,20,200,0.2,20.0,40.0,2.837917,0.0326,13.775,,,,,,
O_ablation,covertype,1000,20,200,0.2,30.0,50.0,2.769609,0.0593,11.036,,,,,,
O_ablation,covertype,1000,20,200,0.2,50.0,70.0,2.718196,0.0868,8.975,,,,,,
O_ablation,covertype,1000,20,200,0.2,75.0,95.0,2.699437,0.0965,8.223,,,,,,
O_ablation,covertype,1000,20,200,0.2,100.0,120.0,2.622649,0.1148,5.145,,,,,,
O_ablation,covertype,1000,20,200,0.2,150.0,170.0,2.60059,0.1677,4.26,,,,,,
O_ablation,covertype,1000,20,200,0.2,200.0,220.0,2.494323,0.2172,0.0,,,,,,
O_ablation,covertype,1000,20,200,0.2,300.0,320.0,2.447631,0.3081,-1.872,,,,,,
O_ablation,covertype,1000,20,200,0.2,500.0,520.0,2.438329,0.5295,-2.245,,,,,,
O_ablation,covertype,2000,10,200,0.1,1.0,11.0,3.976793,0.0068,27.499,,,,,,
O_ablation,covertype,2000,10,200,0.1,5.0,15.0,3.822634,0.011,22.557,,,,,,
O_ablation,covertype,2000,10,200,0.1,10.0,20.0,3.701814,0.0159,18.683,,,,,,
O_ablation,covertype,2000,10,200,0.1,20.0,30.0,3.560074,0.0271,14.139,,,,,,
O_ablation,covertype,2000,10,200,0.1,30.0,40.0,3.435501,0.0365,10.145,,,,,,
O_ablation,covertype,2000,10,200,0.1,50.0,60.0,3.370823,0.0648,8.071,,,,,,
O_ablation,covertype,2000,10,200,0.1,75.0,85.0,3.381892,0.0874,8.426,,,,,,
O_ablation,covertype,2000,10,200,0.1,100.0,110.0,3.345174,0.1105,7.249,,,,,,
O_ablation,covertype,2000,10,200,0.1,150.0,160.0,3.128962,0.1607,0.317,,,,,,
O_ablation,covertype,2000,10,200,0.1,200.0,210.0,3.119076,0.2239,0.0,,,,,,
O_ablation,covertype,2000,10,200,0.1,300.0,310.0,3.174156,0.3068,1.766,,,,,,
O_ablation,covertype,2000,10,200,0.1,500.0,510.0,3.134729,0.4884,0.502,,,,,,
O_ablation,covertype,2000,10,400,0.2,1.0,11.0,3.705065,0.0068,37.071,,,,,,
O_ablation,covertype,2000,10,400,0.2,5.0,15.0,3.567588,0.0109,31.985,,,,,,
O_ablation,covertype,2000,10,400,0.2,10.0,20.0,3.471721,0.0157,28.438,,,,,,
O_ablation,covertype,2000,10,400,0.2,20.0,30.0,3.300745,0.028,22.113,,,,,,
O_ablation,covertype,2000,10,400,0.2,30.0,40.0,3.094716,0.0396,14.491,,,,,,
O_ablation,covertype,2000,10,400,0.2,50.0,60.0,3.036434,0.0585,12.335,,,,,,
O_ablation,covertype,2000,10,400,0.2,75.0,85.0,3.026757,0.0893,11.977,,,,,,
O_ablation,covertype,2000,10,400,0.2,100.0,110.0,2.952915,0.1455,9.245,,,,,,
O_ablation,covertype,2000,10,400,0.2,150.0,160.0,2.75556,0.2026,1.944,,,,,,
O_ablation,covertype,2000,10,400,0.2,200.0,210.0,2.766655,0.265,2.354,,,,,,
O_ablation,covertype,2000,10,400,0.2,300.0,310.0,2.718248,0.3676,0.563,,,,,,
O_ablation,covertype,2000,10,400,0.2,500.0,510.0,2.706952,0.5653,0.145,,,,,,
O_ablation,covertype,2000,10,400,0.2,750.0,760.0,2.717154,0.7776,0.523,,,,,,
O_ablation,covertype,2000,10,400,0.2,1000.0,1010.0,2.706389,1.0923,0.124,,,,,,
O_ablation,covertype,2000,20,200,0.1,1.0,21.0,3.588275,0.0226,30.079,,,,,,
O_ablation,covertype,2000,20,200,0.1,5.0,25.0,3.372268,0.0324,22.249,,,,,,
O_ablation,covertype,2000,20,200,0.1,10.0,30.0,3.360471,0.0435,21.821,,,,,,
O_ablation,covertype,2000,20,200,0.1,20.0,40.0,3.112663,0.0627,12.838,,,,,,
O_ablation,covertype,2000,20,200,0.1,30.0,50.0,3.025968,0.0949,9.695,,,,,,
O_ablation,covertype,2000,20,200,0.1,50.0,70.0,2.957963,0.1431,7.23,,,,,,
O_ablation,covertype,2000,20,200,0.1,75.0,95.0,2.972346,0.1769,7.751,,,,,,
O_ablation,covertype,2000,20,200,0.1,100.0,120.0,2.896757,0.2456,5.011,,,,,,
O_ablation,covertype,2000,20,200,0.1,150.0,170.0,2.731912,0.3162,-0.965,,,,,,
O_ablation,covertype,2000,20,200,0.1,200.0,220.0,2.758525,0.4055,0.0,,,,,,
O_ablation,covertype,2000,20,200,0.1,300.0,320.0,2.74565,0.5973,-0.467,,,,,,
O_ablation,covertype,2000,20,200,0.1,500.0,520.0,2.665166,0.9692,-3.384,,,,,,
O_ablation,covertype,2000,20,400,0.2,1.0,21.0,3.42341,0.0223,45.717,,,,,,
O_ablation,covertype,2000,20,400,0.2,5.0,25.0,3.170669,0.0328,34.959,,,,,,
O_ablation,covertype,2000,20,400,0.2,10.0,30.0,3.158568,0.0437,34.444,,,,,,
O_ablation,covertype,2000,20,400,0.2,20.0,40.0,2.920274,0.0641,24.301,,,,,,
O_ablation,covertype,2000,20,400,0.2,30.0,50.0,2.794759,0.0842,18.958,,,,,,
O_ablation,covertype,2000,20,400,0.2,50.0,70.0,2.669528,0.1348,13.628,,,,,,
O_ablation,covertype,2000,20,400,0.2,75.0,95.0,2.627638,0.1995,11.845,,,,,,
O_ablation,covertype,2000,20,400,0.2,100.0,120.0,2.584309,0.2219,10.001,,,,,,
O_ablation,covertype,2000,20,400,0.2,150.0,170.0,2.447925,0.3632,4.196,,,,,,
O_ablation,covertype,2000,20,400,0.2,200.0,220.0,2.451892,0.4187,4.364,,,,,,
O_ablation,covertype,2000,20,400,0.2,300.0,320.0,2.403729,0.6265,2.314,,,,,,
O_ablation,covertype,2000,20,400,0.2,500.0,520.0,2.366555,1.0307,0.732,,,,,,
O_ablation,covertype,2000,20,400,0.2,750.0,770.0,2.30169,1.5374,-2.029,,,,,,
O_ablation,covertype,2000,20,400,0.2,1000.0,1020.0,2.301867,2.0238,-2.021,,,,,,
O_ablation,covertype,5000,10,500,0.1,1.0,11.0,3.767941,0.017,34.893,,,,,,
O_ablation,covertype,5000,10,500,0.1,5.0,15.0,3.670267,0.0278,31.396,,,,,,
O_ablation,covertype,5000,10,500,0.1,10.0,20.0,3.447191,0.0404,23.41,,,,,,
O_ablation,covertype,5000,10,500,0.1,20.0,30.0,3.283294,0.0653,17.542,,,,,,
O_ablation,covertype,5000,10,500,0.1,30.0,40.0,3.267886,0.0916,16.991,,,,,,
O_ablation,covertype,5000,10,500,0.1,50.0,60.0,3.189629,0.1381,14.189,,,,,,
O_ablation,covertype,5000,10,500,0.1,75.0,85.0,3.132202,0.2617,12.133,,,,,,
O_ablation,covertype,5000,10,500,0.1,100.0,110.0,3.045431,0.2947,9.027,,,,,,
O_ablation,covertype,5000,10,500,0.1,150.0,160.0,2.988709,0.3611,6.996,,,,,,
O_ablation,covertype,5000,10,500,0.1,200.0,210.0,2.962714,0.681,6.065,,,,,,
O_ablation,covertype,5000,10,500,0.1,300.0,310.0,2.857318,0.7023,2.292,,,,,,
O_ablation,covertype,5000,10,500,0.1,500.0,510.0,2.79329,1.254,0.0,,,,,,
O_ablation,covertype,5000,10,500,0.1,750.0,760.0,2.753538,1.7477,-1.423,,,,,,
O_ablation,covertype,5000,10,500,0.1,1000.0,1010.0,2.791933,2.4429,-0.049,,,,,,
O_ablation,covertype,5000,10,1000,0.2,1.0,11.0,3.442458,0.0169,40.25,,,,,,
O_ablation,covertype,5000,10,1000,0.2,5.0,15.0,3.353508,0.0279,36.626,,,,,,
O_ablation,covertype,5000,10,1000,0.2,10.0,20.0,3.173257,0.0409,29.282,,,,,,
O_ablation,covertype,5000,10,1000,0.2,20.0,30.0,3.011785,0.0654,22.704,,,,,,
O_ablation,covertype,5000,10,1000,0.2,30.0,40.0,2.98188,0.0887,21.485,,,,,,
O_ablation,covertype,5000,10,1000,0.2,50.0,60.0,2.858922,0.147,16.476,,,,,,
O_ablation,covertype,5000,10,1000,0.2,75.0,85.0,2.805224,0.2118,14.288,,,,,,
O_ablation,covertype,5000,10,1000,0.2,100.0,110.0,2.70779,0.2922,10.318,,,,,,
O_ablation,covertype,5000,10,1000,0.2,150.0,160.0,2.636569,0.4115,7.417,,,,,,
O_ablation,covertype,5000,10,1000,0.2,200.0,210.0,2.599785,0.5225,5.918,,,,,,
O_ablation,covertype,5000,10,1000,0.2,300.0,310.0,2.494466,0.853,1.627,,,,,,
O_ablation,covertype,5000,10,1000,0.2,500.0,510.0,2.506851,1.342,2.132,,,,,,
O_ablation,covertype,5000,10,1000,0.2,750.0,760.0,2.499133,1.7434,1.818,,,,,,
O_ablation,covertype,5000,10,1000,0.2,1000.0,1010.0,2.454522,2.4648,0.0,,,,,,
O_ablation,covertype,5000,10,1000,0.2,2000.0,2010.0,2.424098,4.9892,-1.24,,,,,,
O_ablation,covertype,5000,20,500,0.1,1.0,21.0,3.37006,0.0576,38.596,,,,,,
O_ablation,covertype,5000,20,500,0.1,5.0,25.0,3.231923,0.0776,32.915,,,,,,
O_ablation,covertype,5000,20,500,0.1,10.0,30.0,3.134603,0.1014,28.913,,,,,,
O_ablation,covertype,5000,20,500,0.1,20.0,40.0,3.046897,0.1504,25.306,,,,,,
O_ablation,covertype,5000,20,500,0.1,30.0,50.0,2.930918,0.1931,20.536,,,,,,
O_ablation,covertype,5000,20,500,0.1,50.0,70.0,2.803788,0.352,15.308,,,,,,
O_ablation,covertype,5000,20,500,0.1,75.0,95.0,2.774945,0.5095,14.121,,,,,,
O_ablation,covertype,5000,20,500,0.1,100.0,120.0,2.69704,0.6188,10.917,,,,,,
O_ablation,covertype,5000,20,500,0.1,150.0,170.0,2.675014,0.7325,10.012,,,,,,
O_ablation,covertype,5000,20,500,0.1,200.0,220.0,2.582202,1.1405,6.195,,,,,,
O_ablation,covertype,5000,20,500,0.1,300.0,320.0,2.50937,1.4997,3.199,,,,,,
O_ablation,covertype,5000,20,500,0.1,500.0,520.0,2.431573,2.4183,0.0,,,,,,
O_ablation,covertype,5000,20,500,0.1,750.0,770.0,2.413463,3.5606,-0.745,,,,,,
O_ablation,covertype,5000,20,500,0.1,1000.0,1020.0,2.416904,4.5238,-0.603,,,,,,
O_ablation,covertype,5000,20,1000,0.2,1.0,21.0,3.139314,0.058,48.648,,,,,,
O_ablation,covertype,5000,20,1000,0.2,5.0,25.0,3.017959,0.0781,42.902,,,,,,
O_ablation,covertype,5000,20,1000,0.2,10.0,30.0,2.929666,0.1014,38.721,,,,,,
O_ablation,covertype,5000,20,1000,0.2,20.0,40.0,2.846468,0.1563,34.782,,,,,,
O_ablation,covertype,5000,20,1000,0.2,30.0,50.0,2.715286,0.2154,28.57,,,,,,
O_ablation,covertype,5000,20,1000,0.2,50.0,70.0,2.570801,0.3276,21.729,,,,,,
O_ablation,covertype,5000,20,1000,0.2,75.0,95.0,2.519145,0.4633,19.283,,,,,,
O_ablation,covertype,5000,20,1000,0.2,100.0,120.0,2.419303,0.6932,14.555,,,,,,
O_ablation,covertype,5000,20,1000,0.2,150.0,170.0,2.334378,0.9168,10.534,,,,,,
O_ablation,covertype,5000,20,1000,0.2,200.0,220.0,2.277479,1.3248,7.84,,,,,,
O_ablation,covertype,5000,20,1000,0.2,300.0,320.0,2.190036,1.7817,3.699,,,,,,
O_ablation,covertype,5000,20,1000,0.2,500.0,520.0,2.127272,2.7224,0.727,,,,,,
O_ablation,covertype,5000,20,1000,0.2,750.0,770.0,2.142568,3.464,1.452,,,,,,
O_ablation,covertype,5000,20,1000,0.2,1000.0,1020.0,2.111911,4.7328,0.0,,,,,,
O_ablation,covertype,5000,20,1000,0.2,2000.0,2020.0,2.087871,10.0267,-1.138,,,,,,
start_point,adult,500,10,50,,,,2.084858,,,0.1,centroid,,,,
start_point,adult,500,10,50,,,,2.089935,,,0.1,farthest,,,,
start_point,adult,500,10,50,,,,2.09893,,,0.1,random0,,,,
start_point,adult,500,10,50,,,,2.030137,,,0.1,random1,,,,
start_point,adult,500,10,50,,,,2.24769,,,0.1,random2,,,,
start_point,adult,500,10,100,,,,1.682241,,,0.2,centroid,,,,
start_point,adult,500,10,100,,,,1.606625,,,0.2,farthest,,,,
start_point,adult,500,10,100,,,,1.641519,,,0.2,random0,,,,
start_point,adult,500,10,100,,,,1.664148,,,0.2,random1,,,,
start_point,adult,500,10,100,,,,1.574718,,,0.2,random2,,,,
start_point,adult,500,20,50,,,,1.766259,,,0.1,centroid,,,,
start_point,adult,500,20,50,,,,1.7854,,,0.1,farthest,,,,
start_point,adult,500,20,50,,,,1.732738,,,0.1,random0,,,,
start_point,adult,500,20,50,,,,1.756066,,,0.1,random1,,,,
start_point,adult,500,20,50,,,,1.697025,,,0.1,random2,,,,
start_point,adult,500,20,100,,,,1.350727,,,0.2,centroid,,,,
start_point,adult,500,20,100,,,,1.376681,,,0.2,farthest,,,,
start_point,adult,500,20,100,,,,1.352097,,,0.2,random0,,,,
start_point,adult,500,20,100,,,,1.364588,,,0.2,random1,,,,
start_point,adult,500,20,100,,,,1.366841,,,0.2,random2,,,,
start_point,adult,1000,10,100,,,,2.04417,,,0.1,centroid,,,,
start_point,adult,1000,10,100,,,,2.000582,,,0.1,farthest,,,,
start_point,adult,1000,10,100,,,,2.001137,,,0.1,random0,,,,
start_point,adult,1000,10,100,,,,2.095708,,,0.1,random1,,,,
start_point,adult,1000,10,100,,,,2.022186,,,0.1,random2,,,,
start_point,adult,1000,10,200,,,,1.645054,,,0.2,centroid,,,,
start_point,adult,1000,10,200,,,,1.702145,,,0.2,farthest,,,,
start_point,adult,1000,10,200,,,,1.632988,,,0.2,random0,,,,
start_point,adult,1000,10,200,,,,1.629781,,,0.2,random1,,,,
start_point,adult,1000,10,200,,,,1.610558,,,0.2,random2,,,,
start_point,adult,1000,20,100,,,,1.715379,,,0.1,centroid,,,,
start_point,adult,1000,20,100,,,,1.69866,,,0.1,farthest,,,,
start_point,adult,1000,20,100,,,,1.743865,,,0.1,random0,,,,
start_point,adult,1000,20,100,,,,1.716682,,,0.1,random1,,,,
start_point,adult,1000,20,100,,,,1.779454,,,0.1,random2,,,,
start_point,adult,1000,20,200,,,,1.384758,,,0.2,centroid,,,,
start_point,adult,1000,20,200,,,,1.372701,,,0.2,farthest,,,,
start_point,adult,1000,20,200,,,,1.365189,,,0.2,random0,,,,
start_point,adult,1000,20,200,,,,1.350381,,,0.2,random1,,,,
start_point,adult,1000,20,200,,,,1.346809,,,0.2,random2,,,,
start_point,adult,5000,10,500,,,,2.024511,,,0.1,centroid,,,,
start_point,adult,5000,10,500,,,,2.059397,,,0.1,farthest,,,,
start_point,adult,5000,10,500,,,,1.997163,,,0.1,random0,,,,
start_point,adult,5000,10,500,,,,1.996084,,,0.1,random1,,,,
start_point,adult,5000,10,500,,,,2.022997,,,0.1,random2,,,,
start_point,adult,5000,10,1000,,,,1.651035,,,0.2,centroid,,,,
start_point,adult,5000,10,1000,,,,1.677143,,,0.2,farthest,,,,
start_point,adult,5000,10,1000,,,,1.591905,,,0.2,random0,,,,
start_point,adult,5000,10,1000,,,,1.61161,,,0.2,random1,,,,
start_point,adult,5000,10,1000,,,,1.616143,,,0.2,random2,,,,
start_point,adult,5000,20,500,,,,1.697263,,,0.1,centroid,,,,
start_point,adult,5000,20,500,,,,1.699678,,,0.1,farthest,,,,
start_point,adult,5000,20,500,,,,1.66048,,,0.1,random0,,,,
start_point,adult,5000,20,500,,,,1.68303,,,0.1,random1,,,,
start_point,adult,5000,20,500,,,,1.679753,,,0.1,random2,,,,
start_point,adult,5000,20,1000,,,,1.371091,,,0.2,centroid,,,,
start_point,adult,5000,20,1000,,,,1.359718,,,0.2,farthest,,,,
start_point,adult,5000,20,1000,,,,1.349893,,,0.2,random0,,,,
start_point,adult,5000,20,1000,,,,1.349623,,,0.2,random1,,,,
start_point,adult,5000,20,1000,,,,1.363425,,,0.2,random2,,,,
start_point,diabetes,500,10,50,,,,2.11263,,,0.1,centroid,,,,
start_point,diabetes,500,10,50,,,,2.144959,,,0.1,farthest,,,,
start_point,diabetes,500,10,50,,,,2.173095,,,0.1,random0,,,,
start_point,diabetes,500,10,50,,,,2.182023,,,0.1,random1,,,,
start_point,diabetes,500,10,50,,,,2.115495,,,0.1,random2,,,,
start_point,diabetes,500,10,100,,,,1.793122,,,0.2,centroid,,,,
start_point,diabetes,500,10,100,,,,1.805199,,,0.2,farthest,,,,
start_point,diabetes,500,10,100,,,,1.832672,,,0.2,random0,,,,
start_point,diabetes,500,10,100,,,,1.805464,,,0.2,random1,,,,
start_point,diabetes,500,10,100,,,,1.767027,,,0.2,random2,,,,
start_point,diabetes,500,20,50,,,,1.885177,,,0.1,centroid,,,,
start_point,diabetes,500,20,50,,,,1.866014,,,0.1,farthest,,,,
start_point,diabetes,500,20,50,,,,1.903468,,,0.1,random0,,,,
start_point,diabetes,500,20,50,,,,1.897876,,,0.1,random1,,,,
start_point,diabetes,500,20,50,,,,1.875579,,,0.1,random2,,,,
start_point,diabetes,500,20,100,,,,1.55165,,,0.2,centroid,,,,
start_point,diabetes,500,20,100,,,,1.559542,,,0.2,farthest,,,,
start_point,diabetes,500,20,100,,,,1.562186,,,0.2,random0,,,,
start_point,diabetes,500,20,100,,,,1.549233,,,0.2,random1,,,,
start_point,diabetes,500,20,100,,,,1.582203,,,0.2,random2,,,,
start_point,diabetes,1000,10,100,,,,2.124385,,,0.1,centroid,,,,
start_point,diabetes,1000,10,100,,,,2.128493,,,0.1,farthest,,,,
start_point,diabetes,1000,10,100,,,,2.142274,,,0.1,random0,,,,
start_point,diabetes,1000,10,100,,,,2.115048,,,0.1,random1,,,,
start_point,diabetes,1000,10,100,,,,2.12643,,,0.1,random2,,,,
start_point,diabetes,1000,10,200,,,,1.817542,,,0.2,centroid,,,,
start_point,diabetes,1000,10,200,,,,1.811555,,,0.2,farthest,,,,
start_point,diabetes,1000,10,200,,,,1.785937,,,0.2,random0,,,,
start_point,diabetes,1000,10,200,,,,1.783661,,,0.2,random1,,,,
start_point,diabetes,1000,10,200,,,,1.781319,,,0.2,random2,,,,
start_point,diabetes,1000,20,100,,,,1.83484,,,0.1,centroid,,,,
start_point,diabetes,1000,20,100,,,,1.878492,,,0.1,farthest,,,,
start_point,diabetes,1000,20,100,,,,1.851906,,,0.1,random0,,,,
start_point,diabetes,1000,20,100,,,,1.827462,,,0.1,random1,,,,
start_point,diabetes,1000,20,100,,,,1.853261,,,0.1,random2,,,,
start_point,diabetes,1000,20,200,,,,1.572128,,,0.2,centroid,,,,
start_point,diabetes,1000,20,200,,,,1.539019,,,0.2,farthest,,,,
start_point,diabetes,1000,20,200,,,,1.541772,,,0.2,random0,,,,
start_point,diabetes,1000,20,200,,,,1.543907,,,0.2,random1,,,,
start_point,diabetes,1000,20,200,,,,1.563849,,,0.2,random2,,,,
start_point,diabetes,5000,10,500,,,,2.217265,,,0.1,centroid,,,,
start_point,diabetes,5000,10,500,,,,2.254327,,,0.1,farthest,,,,
start_point,diabetes,5000,10,500,,,,2.214127,,,0.1,random0,,,,
start_point,diabetes,5000,10,500,,,,2.286023,,,0.1,random1,,,,
start_point,diabetes,5000,10,500,,,,2.313722,,,0.1,random2,,,,
start_point,diabetes,5000,10,1000,,,,1.876005,,,0.2,centroid,,,,
start_point,diabetes,5000,10,1000,,,,1.899932,,,0.2,farthest,,,,
start_point,diabetes,5000,10,1000,,,,1.86277,,,0.2,random0,,,,
start_point,diabetes,5000,10,1000,,,,1.898663,,,0.2,random1,,,,
start_point,diabetes,5000,10,1000,,,,1.849092,,,0.2,random2,,,,
start_point,diabetes,5000,20,500,,,,1.91877,,,0.1,centroid,,,,
start_point,diabetes,5000,20,500,,,,1.954872,,,0.1,farthest,,,,
start_point,diabetes,5000,20,500,,,,1.956413,,,0.1,random0,,,,
start_point,diabetes,5000,20,500,,,,1.980069,,,0.1,random1,,,,
start_point,diabetes,5000,20,500,,,,1.95687,,,0.1,random2,,,,
start_point,diabetes,5000,20,1000,,,,1.644927,,,0.2,centroid,,,,
start_point,diabetes,5000,20,1000,,,,1.662514,,,0.2,farthest,,,,
start_point,diabetes,5000,20,1000,,,,1.643112,,,0.2,random0,,,,
start_point,diabetes,5000,20,1000,,,,1.640631,,,0.2,random1,,,,
start_point,diabetes,5000,20,1000,,,,1.645463,,,0.2,random2,,,,
start_point,covertype,500,10,50,,,,3.311117,,,0.1,centroid,,,,
start_point,covertype,500,10,50,,,,3.322788,,,0.1,farthest,,,,
start_point,covertype,500,10,50,,,,3.346832,,,0.1,random0,,,,
start_point,covertype,500,10,50,,,,3.335548,,,0.1,random1,,,,
start_point,covertype,500,10,50,,,,3.277327,,,0.1,random2,,,,
start_point,covertype,500,10,100,,,,2.810582,,,0.2,centroid,,,,
start_point,covertype,500,10,100,,,,2.856578,,,0.2,farthest,,,,
start_point,covertype,500,10,100,,,,2.846657,,,0.2,random0,,,,
start_point,covertype,500,10,100,,,,2.807032,,,0.2,random1,,,,
start_point,covertype,500,10,100,,,,2.845383,,,0.2,random2,,,,
start_point,covertype,500,20,50,,,,2.874539,,,0.1,centroid,,,,
start_point,covertype,500,20,50,,,,2.924643,,,0.1,farthest,,,,
start_point,covertype,500,20,50,,,,2.91047,,,0.1,random0,,,,
start_point,covertype,500,20,50,,,,2.952035,,,0.1,random1,,,,
start_point,covertype,500,20,50,,,,2.861015,,,0.1,random2,,,,
start_point,covertype,500,20,100,,,,2.477862,,,0.2,centroid,,,,
start_point,covertype,500,20,100,,,,2.471205,,,0.2,farthest,,,,
start_point,covertype,500,20,100,,,,2.47394,,,0.2,random0,,,,
start_point,covertype,500,20,100,,,,2.460971,,,0.2,random1,,,,
start_point,covertype,500,20,100,,,,2.415043,,,0.2,random2,,,,
start_point,covertype,1000,10,100,,,,3.418412,,,0.1,centroid,,,,
start_point,covertype,1000,10,100,,,,3.48163,,,0.1,farthest,,,,
start_point,covertype,1000,10,100,,,,3.356772,,,0.1,random0,,,,
start_point,covertype,1000,10,100,,,,3.385271,,,0.1,random1,,,,
start_point,covertype,1000,10,100,,,,3.491935,,,0.1,random2,,,,
start_point,covertype,1000,10,200,,,,2.896623,,,0.2,centroid,,,,
start_point,covertype,1000,10,200,,,,2.932587,,,0.2,farthest,,,,
start_point,covertype,1000,10,200,,,,2.965874,,,0.2,random0,,,,
start_point,covertype,1000,10,200,,,,3.025918,,,0.2,random1,,,,
start_point,covertype,1000,10,200,,,,2.985881,,,0.2,random2,,,,
start_point,covertype,1000,20,100,,,,2.927298,,,0.1,centroid,,,,
start_point,covertype,1000,20,100,,,,2.982144,,,0.1,farthest,,,,
start_point,covertype,1000,20,100,,,,2.925187,,,0.1,random0,,,,
start_point,covertype,1000,20,100,,,,2.987127,,,0.1,random1,,,,
start_point,covertype,1000,20,100,,,,2.991669,,,0.1,random2,,,,
start_point,covertype,1000,20,200,,,,2.494323,,,0.2,centroid,,,,
start_point,covertype,1000,20,200,,,,2.579812,,,0.2,farthest,,,,
start_point,covertype,1000,20,200,,,,2.580146,,,0.2,random0,,,,
start_point,covertype,1000,20,200,,,,2.549128,,,0.2,random1,,,,
start_point,covertype,1000,20,200,,,,2.526453,,,0.2,random2,,,,
start_point,covertype,5000,10,500,,,,2.79329,,,0.1,centroid,,,,
start_point,covertype,5000,10,500,,,,2.88551,,,0.1,farthest,,,,
start_point,covertype,5000,10,500,,,,2.820055,,,0.1,random0,,,,
start_point,covertype,5000,10,500,,,,2.875862,,,0.1,random1,,,,
start_point,covertype,5000,10,500,,,,2.834407,,,0.1,random2,,,,
start_point,covertype,5000,10,1000,,,,2.454522,,,0.2,centroid,,,,
start_point,covertype,5000,10,1000,,,,2.452124,,,0.2,farthest,,,,
start_point,covertype,5000,10,1000,,,,2.394909,,,0.2,random0,,,,
start_point,covertype,5000,10,1000,,,,2.391951,,,0.2,random1,,,,
start_point,covertype,5000,10,1000,,,,2.391675,,,0.2,random2,,,,
start_point,covertype,5000,20,500,,,,2.431573,,,0.1,centroid,,,,
start_point,covertype,5000,20,500,,,,2.469184,,,0.1,farthest,,,,
start_point,covertype,5000,20,500,,,,2.44921,,,0.1,random0,,,,
start_point,covertype,5000,20,500,,,,2.482818,,,0.1,random1,,,,
start_point,covertype,5000,20,500,,,,2.443583,,,0.1,random2,,,,
start_point,covertype,5000,20,1000,,,,2.111911,,,0.2,centroid,,,,
start_point,covertype,5000,20,1000,,,,2.100421,,,0.2,farthest,,,,
start_point,covertype,5000,20,1000,,,,2.083144,,,0.2,random0,,,,
start_point,covertype,5000,20,1000,,,,2.089568,,,0.2,random1,,,,
start_point,covertype,5000,20,1000,,,,2.110091,,,0.2,random2,,,,
multi_start,adult,500,10,50,,,,,0.0577,,0.1,,2.084858,2.084858,0.0,
multi_start,adult,500,10,100,,,,,0.0942,,0.2,,1.682241,1.682241,0.0,
multi_start,adult,500,20,50,,,,,0.1231,,0.1,,1.766259,1.766259,0.0,
multi_start,adult,500,20,100,,,,,0.2103,,0.2,,1.350727,1.350727,0.0,
multi_start,adult,1000,10,100,,,,,0.1988,,0.1,,2.04417,2.04417,0.0,
multi_start,adult,1000,10,200,,,,,0.3098,,0.2,,1.645054,1.645054,0.0,
multi_start,adult,1000,20,100,,,,,0.3289,,0.1,,1.715379,1.715379,0.0,
multi_start,adult,1000,20,200,,,,,0.6215,,0.2,,1.384758,1.384758,0.0,
multi_start,adult,5000,10,500,,,,,3.5113,,0.1,,2.024511,2.024511,0.0,
multi_start,adult,5000,10,1000,,,,,7.8705,,0.2,,1.651035,1.651035,0.0,
multi_start,adult,5000,20,500,,,,,7.9316,,0.1,,1.697263,1.697263,0.0,
multi_start,adult,5000,20,1000,,,,,17.7509,,0.2,,1.371091,1.371091,0.0,
multi_start,diabetes,500,10,50,,,,,0.0539,,0.1,,2.11263,2.11263,0.0,
multi_start,diabetes,500,10,100,,,,,0.1055,,0.2,,1.793122,1.793122,0.0,
multi_start,diabetes,500,20,50,,,,,0.1141,,0.1,,1.885177,1.885177,0.0,
multi_start,diabetes,500,20,100,,,,,0.2603,,0.2,,1.55165,1.55165,0.0,
multi_start,diabetes,1000,10,100,,,,,0.3585,,0.1,,2.124385,2.124385,0.0,
multi_start,diabetes,1000,10,200,,,,,0.3918,,0.2,,1.817542,1.817542,0.0,
multi_start,diabetes,1000,20,100,,,,,0.4209,,0.1,,1.83484,1.83484,0.0,
multi_start,diabetes,1000,20,200,,,,,0.986,,0.2,,1.572128,1.572128,0.0,
multi_start,diabetes,5000,10,500,,,,,4.5372,,0.1,,2.217265,2.217265,0.0,
multi_start,diabetes,5000,10,1000,,,,,12.2628,,0.2,,1.876005,1.876005,0.0,
multi_start,diabetes,5000,20,500,,,,,8.5904,,0.1,,1.91877,1.91877,0.0,
multi_start,diabetes,5000,20,1000,,,,,15.478,,0.2,,1.644927,1.644927,0.0,
multi_start,covertype,500,10,50,,,,,0.0734,,0.1,,3.311117,3.311117,0.0,
multi_start,covertype,500,10,100,,,,,0.0994,,0.2,,2.810582,2.810582,0.0,
multi_start,covertype,500,20,50,,,,,0.1107,,0.1,,2.874539,2.874539,0.0,
multi_start,covertype,500,20,100,,,,,0.1907,,0.2,,2.477862,2.477862,0.0,
multi_start,covertype,1000,10,100,,,,,0.1787,,0.1,,3.418412,3.418412,0.0,
multi_start,covertype,1000,10,200,,,,,0.3378,,0.2,,2.896623,2.896623,0.0,
multi_start,covertype,1000,20,100,,,,,0.3674,,0.1,,2.927298,2.927298,0.0,
multi_start,covertype,1000,20,200,,,,,0.6634,,0.2,,2.494323,2.494323,0.0,
multi_start,covertype,5000,10,500,,,,,3.9113,,0.1,,2.79329,2.79329,0.0,
multi_start,covertype,5000,10,1000,,,,,7.6829,,0.2,,2.454522,2.454522,0.0,
multi_start,covertype,5000,20,500,,,,,7.8714,,0.1,,2.431573,2.431573,0.0,
multi_start,covertype,5000,20,1000,,,,,14.5737,,0.2,,2.111911,2.111911,0.0,
alpha_sweep,adult,2000,20,200,,10.0,,2.26818,,,,,,,,0.05
alpha_sweep,adult,2000,20,200,,20.0,,2.095567,,,,,,,,0.1
alpha_sweep,adult,2000,20,200,,40.0,,1.882401,,,,,,,,0.2
alpha_sweep,adult,2000,20,200,,100.0,,1.78105,,,,,,,,0.5
alpha_sweep,adult,2000,20,200,,200.0,,1.667497,,,,,,,,1.0
alpha_sweep,adult,2000,20,200,,300.0,,1.666319,,,,,,,,1.5
alpha_sweep,adult,2000,20,200,,400.0,,1.683524,,,,,,,,2.0
alpha_sweep,adult,2000,20,200,,600.0,,1.665768,,,,,,,,3.0
